/*!40101 SET @OLD_CHARACTER_SET_CLIENT=@@CHARACTER_SET_CLIENT */;
/*!40101 SET NAMES utf8 */;
/*!50503 SET NAMES utf8mb4 */;
/*!40103 SET @OLD_TIME_ZONE=@@TIME_ZONE */;
/*!40103 SET TIME_ZONE='+00:00' */;
/*!40014 SET @OLD_FOREIGN_KEY_CHECKS=@@FOREIGN_KEY_CHECKS, FOREIGN_KEY_CHECKS=0 */;
/*!40101 SET @OLD_SQL_MODE=@@SQL_MODE, SQL_MODE='NO_AUTO_VALUE_ON_ZERO' */;
/*!40111 SET @OLD_SQL_NOTES=@@SQL_NOTES, SQL_NOTES=0 */;

DROP DATABASE IF EXISTS `s003`;
CREATE DATABASE IF NOT EXISTS `s003` /*!40100 DEFAULT CHARACTER SET utf8mb3 COLLATE utf8mb3_croatian_ci */ /*!80016 DEFAULT ENCRYPTION='N' */;
USE `s003`;

DROP TABLE IF EXISTS `a_consulting_service`;
CREATE TABLE IF NOT EXISTS `a_consulting_service` (
  `id` varchar(255) COLLATE utf8mb3_croatian_ci NOT NULL,
  `create_by` varchar(255) COLLATE utf8mb3_croatian_ci DEFAULT NULL,
  `create_time` datetime(6) DEFAULT NULL,
  `del_flag` int NOT NULL,
  `update_by` varchar(255) COLLATE utf8mb3_croatian_ci DEFAULT NULL,
  `update_time` datetime(6) DEFAULT NULL,
  `content` varchar(255) COLLATE utf8mb3_croatian_ci DEFAULT NULL,
  `reply_content` varchar(255) COLLATE utf8mb3_croatian_ci DEFAULT NULL,
  `reply_flag` bit(1) DEFAULT NULL,
  `reply_id` varchar(255) COLLATE utf8mb3_croatian_ci DEFAULT NULL,
  `reply_name` varchar(255) COLLATE utf8mb3_croatian_ci DEFAULT NULL,
  `reply_time` varchar(255) COLLATE utf8mb3_croatian_ci DEFAULT NULL,
  `title` varchar(255) COLLATE utf8mb3_croatian_ci DEFAULT NULL,
  `user_id` varchar(255) COLLATE utf8mb3_croatian_ci DEFAULT NULL,
  `user_name` varchar(255) COLLATE utf8mb3_croatian_ci DEFAULT NULL,
  PRIMARY KEY (`id`)
) ENGINE=InnoDB DEFAULT CHARSET=utf8mb3 COLLATE=utf8mb3_croatian_ci;

DELETE FROM `a_consulting_service`;
INSERT INTO `a_consulting_service` (`id`, `create_by`, `create_time`, `del_flag`, `update_by`, `update_time`, `content`, `reply_content`, `reply_flag`, `reply_id`, `reply_name`, `reply_time`, `title`, `user_id`, `user_name`) VALUES
	('1565605924066955264', 'admin', '2023-01-09 08:42:20.213000', 0, 'admin', '2023-01-09 08:42:20.213000', '关于收购废弃报纸的问题咨询，关于收购废弃报纸的问题咨询，关于收购废弃报纸的问题咨询，关于收购废弃报纸的问题咨询', '好的', b'1', '1565603566985547776', '张三', '2022-09-02 15:57:40', '关于收购废弃报纸的问题咨询', '682265633886208', '管理员'),
	('1565610015329488896', 'admin', '2023-01-09 08:42:20.213000', 0, 'admin', '2023-01-09 08:42:20.213000', '我要咨询关于如何回收废弃电池的问题我要咨询关于如何回收废弃电池的问题我要咨询关于如何回收废弃电池的问题我要咨询关于如何回收废弃电池的问题我要咨询关于如何回收废弃电池的问题我要咨询关于如何回收废弃电池的问题', 'ddd', b'1', '1565603566985547776', '张三', '2022-12-15 02:48:59', '我要咨询关于如何回收废弃电池的问题', '682265633886208', '管理员'),
	('1603232759118172160', 'admin', '2023-01-09 08:42:20.213000', 0, 'admin', '2023-01-09 08:42:20.213000', 'bb', '你好', b'1', '1565603566985547776', '张三', '2022-12-15 03:37:48', 'aa', '682265633886208', '管理员'),
	('1610557226290909184', 'admin', '2023-01-09 08:42:20.213000', 0, NULL, '2023-01-09 08:42:20.213000', 'bbb', '', b'0', '', '', '', 'aa', '682265633886208', '管理员'),
	('1666986220602920960', '13600000001', '2023-06-09 09:51:00.763000', 0, NULL, NULL, '1111', '', b'0', '', '', '', '11', '1464764315201572865', '用户A');

DROP TABLE IF EXISTS `a_department`;
CREATE TABLE IF NOT EXISTS `a_department` (
  `id` varchar(255) NOT NULL,
  `create_by` varchar(255) DEFAULT NULL,
  `create_time` datetime(6) DEFAULT NULL,
  `del_flag` int DEFAULT NULL,
  `update_by` varchar(255) DEFAULT NULL,
  `update_time` datetime(6) DEFAULT NULL,
  `parent_id` varchar(255) DEFAULT NULL,
  `sort_order` decimal(10,2) DEFAULT NULL,
  `status` int DEFAULT NULL,
  `title` varchar(255) DEFAULT NULL,
  `is_parent` bit(1) DEFAULT NULL,
  PRIMARY KEY (`id`)
) ENGINE=InnoDB DEFAULT CHARSET=utf8mb3;

DELETE FROM `a_department`;
INSERT INTO `a_department` (`id`, `create_by`, `create_time`, `del_flag`, `update_by`, `update_time`, `parent_id`, `sort_order`, `status`, `title`, `is_parent`) VALUES
	('1464487288363945985', 'admin', '2022-03-20 09:46:20.000000', 0, 'admin', '2022-03-20 09:46:20.000000', '0', 1.00, 0, '部门A', b'0'),
	('1464487332064399361', 'admin', '2022-03-20 09:46:20.000000', 0, 'admin', '2022-03-20 09:46:20.000000', '0', 2.00, 0, '部门B', b'0'),
	('1464487379074158593', 'admin', '2022-03-20 09:46:20.000000', 0, 'admin', '2022-03-20 09:46:20.000000', '0', 3.00, 0, '部门C', b'0');

DROP TABLE IF EXISTS `a_department_header`;
CREATE TABLE IF NOT EXISTS `a_department_header` (
  `id` varchar(255) NOT NULL,
  `create_by` varchar(255) DEFAULT NULL,
  `create_time` datetime(6) DEFAULT NULL,
  `del_flag` int NOT NULL,
  `update_by` varchar(255) DEFAULT NULL,
  `update_time` datetime(6) DEFAULT NULL,
  `department_id` varchar(255) DEFAULT NULL,
  `type` int DEFAULT NULL,
  `user_id` varchar(255) DEFAULT NULL,
  PRIMARY KEY (`id`)
) ENGINE=InnoDB DEFAULT CHARSET=utf8mb3;

DELETE FROM `a_department_header`;

DROP TABLE IF EXISTS `a_dict`;
CREATE TABLE IF NOT EXISTS `a_dict` (
  `id` varchar(255) NOT NULL,
  `create_by` varchar(255) DEFAULT NULL,
  `create_time` datetime(6) DEFAULT NULL,
  `del_flag` int NOT NULL,
  `update_by` varchar(255) DEFAULT NULL,
  `update_time` datetime(6) DEFAULT NULL,
  `description` varchar(255) DEFAULT NULL,
  `title` varchar(255) DEFAULT NULL,
  `type` varchar(255) DEFAULT NULL,
  `sort_order` decimal(10,2) DEFAULT NULL,
  PRIMARY KEY (`id`)
) ENGINE=InnoDB DEFAULT CHARSET=utf8mb3;

DELETE FROM `a_dict`;
INSERT INTO `a_dict` (`id`, `create_by`, `create_time`, `del_flag`, `update_by`, `update_time`, `description`, `title`, `type`, `sort_order`) VALUES
	('1536612750841745408', 'admin', '2022-06-14 15:33:23.000000', 0, NULL, NULL, '', '学历', 'education', 3.00),
	('1536613395229446144', 'admin', '2022-06-14 15:35:57.000000', 0, NULL, NULL, '', '在职状态', 'occupationStatus', 4.00),
	('1565601627027673088', 'admin', '2023-01-09 08:42:20.000000', 0, 'admin', '2023-01-09 08:42:20.000000', '', '资源新旧程度', 'degree', 0.00),
	('1565602003349016576', 'admin', '2023-01-09 08:42:20.000000', 0, 'admin', '2023-01-09 08:42:20.000000', '', '资源计量单位', 'unit', 0.00),
	('1565617918920757248', 'admin', '2023-01-09 08:42:20.000000', 0, NULL, '2023-01-09 08:42:20.000000', '', '紧急程度', 'urgency', 0.00),
	('75135930788220928', 'admin', '2022-03-20 09:46:20.000000', 0, 'admin', '2022-03-20 09:46:20.000000', '', '性别', 'sex', 0.00),
	('75388696739713024', 'admin', '2022-03-20 09:46:20.000000', 0, 'admin', '2022-03-20 09:46:20.000000', '', '分权限', 'permission_type', 2.00);

DROP TABLE IF EXISTS `a_dict_data`;
CREATE TABLE IF NOT EXISTS `a_dict_data` (
  `id` varchar(255) NOT NULL,
  `create_by` varchar(255) DEFAULT NULL,
  `create_time` datetime(6) DEFAULT NULL,
  `del_flag` int NOT NULL,
  `update_by` varchar(255) DEFAULT NULL,
  `update_time` datetime(6) DEFAULT NULL,
  `description` varchar(255) DEFAULT NULL,
  `dict_id` varchar(255) DEFAULT NULL,
  `sort_order` decimal(10,2) DEFAULT NULL,
  `status` int DEFAULT NULL,
  `title` varchar(255) DEFAULT NULL,
  `value` varchar(255) DEFAULT NULL,
  PRIMARY KEY (`id`),
  KEY `sort_order` (`sort_order`) USING BTREE
) ENGINE=InnoDB DEFAULT CHARSET=utf8mb3;

DELETE FROM `a_dict_data`;
INSERT INTO `a_dict_data` (`id`, `create_by`, `create_time`, `del_flag`, `update_by`, `update_time`, `description`, `dict_id`, `sort_order`, `status`, `title`, `value`) VALUES
	('1536612796106674176', 'admin', '2022-06-14 15:33:34.000000', 0, NULL, NULL, '', '1536612750841745408', 1.00, 0, '博士', '博士'),
	('1536612834962706432', 'admin', '2022-06-14 15:33:43.000000', 0, NULL, NULL, '', '1536612750841745408', 2.00, 0, '硕士', '硕士'),
	('1536612883465637888', 'admin', '2022-06-14 15:33:55.000000', 0, 'admin', '2022-06-14 15:34:13.000000', '', '1536612750841745408', 3.00, 0, '本科', '本科'),
	('1536612930576060416', 'admin', '2022-06-14 15:34:06.000000', 0, 'admin', '2022-06-14 15:34:11.000000', '', '1536612750841745408', 4.00, 0, '专科', '专科'),
	('1536612993519980544', 'admin', '2022-06-14 15:34:21.000000', 0, '', NULL, '', '1536612750841745408', 5.00, 0, '高中及以下', '高中及以下'),
	('1536613425902391296', 'admin', '2022-06-14 15:36:04.000000', 0, NULL, NULL, '', '1536613395229446144', 1.00, 0, '在职', '在职'),
	('1536613447544999936', 'admin', '2022-06-14 15:36:09.000000', 0, NULL, NULL, '', '1536613395229446144', 2.00, 0, '离职', '离职'),
	('1565601789238185984', 'admin', '2023-01-09 08:42:20.000000', 0, NULL, '2023-01-09 08:42:20.000000', '', '1565601627027673088', 1.00, 0, '全新', '全新'),
	('1565601809819635712', 'admin', '2023-01-09 08:42:20.000000', 0, NULL, '2023-01-09 08:42:20.000000', '', '1565601627027673088', 2.00, 0, '八成新', '八成新'),
	('1565601836432494592', 'admin', '2023-01-09 08:42:20.000000', 0, NULL, '2023-01-09 08:42:20.000000', '', '1565601627027673088', 3.00, 0, '五成新', '五成新'),
	('1565601862453956608', 'admin', '2023-01-09 08:42:20.000000', 0, NULL, '2023-01-09 08:42:20.000000', '', '1565601627027673088', 4.00, 0, '二成新', '二成新'),
	('1565601889096175616', 'admin', '2023-01-09 08:42:20.000000', 0, NULL, '2023-01-09 08:42:20.000000', '', '1565601627027673088', 5.00, 0, '其他', '其他'),
	('1565602043182321664', 'admin', '2023-01-09 08:42:20.000000', 0, NULL, '2023-01-09 08:42:20.000000', '', '1565602003349016576', 1.00, 0, '个', '个'),
	('1565602066582343680', 'admin', '2023-01-09 08:42:20.000000', 0, NULL, '2023-01-09 08:42:20.000000', '', '1565602003349016576', 2.00, 0, '把', '把'),
	('1565602095590150144', 'admin', '2023-01-09 08:42:20.000000', 0, NULL, '2023-01-09 08:42:20.000000', '', '1565602003349016576', 3.00, 0, '包', '包'),
	('1565602127223590912', 'admin', '2023-01-09 08:42:20.000000', 0, NULL, '2023-01-09 08:42:20.000000', '', '1565602003349016576', 4.00, 0, '盒', '盒'),
	('1565602182747787264', 'admin', '2023-01-09 08:42:20.000000', 0, NULL, '2023-01-09 08:42:20.000000', '', '1565602003349016576', 5.00, 0, '杯', '杯'),
	('1565618032783527936', 'admin', '2023-01-09 08:42:20.000000', 0, NULL, '2023-01-09 08:42:20.000000', '', '1565617918920757248', 1.00, 0, '长期收购', '长期收购'),
	('1565618086881660928', 'admin', '2023-01-09 08:42:20.000000', 0, NULL, '2023-01-09 08:42:20.000000', '', '1565617918920757248', 2.00, 0, '三天内需要', '三天内需要'),
	('1565618123225305088', 'admin', '2023-01-09 08:42:20.000000', 0, NULL, '2023-01-09 08:42:20.000000', '', '1565617918920757248', 3.00, 0, '一周内需要', '一周内需要'),
	('1565618160399421440', 'admin', '2023-01-09 08:42:20.000000', 0, NULL, '2023-01-09 08:42:20.000000', '', '1565617918920757248', 4.00, 0, '一个月内需要', '一个月内需要'),
	('75158227712479232', 'admin', '2022-03-20 09:46:20.000000', 0, 'admin', '2022-03-20 09:46:20.000000', '', '75135930788220928', 0.00, 0, '男', '男'),
	('75159254272577536', 'admin', '2022-03-20 09:46:20.000000', 0, 'admin', '2022-03-20 09:46:20.000000', '', '75135930788220928', 1.00, 0, '女', '女'),
	('75159898425397248', 'admin', '2022-03-20 09:46:20.000000', 0, 'admin', '2022-03-20 09:46:20.000000', '', '75135930788220928', 2.00, -1, '保密', '保密'),
	('75390886501945344', 'admin', '2022-03-20 09:46:20.000000', 0, 'admin', '2022-03-20 09:46:20.000000', '', '75388696739713024', 1.00, 0, '添加操作(add)', 'add'),
	('75390993939042304', 'admin', '2022-03-20 09:46:20.000000', 0, 'admin', '2022-03-20 09:46:20.000000', '', '75388696739713024', 2.00, 0, '编辑操作(edit)', 'edit'),
	('75391067532300288', 'admin', '2022-03-20 09:46:20.000000', 0, 'admin', '2022-03-20 09:46:20.000000', '', '75388696739713024', 3.00, 0, '删除操作(delete)', 'delete'),
	('75391126902673408', 'admin', '2022-03-20 09:46:20.000000', 0, 'admin', '2022-03-20 09:46:20.000000', '', '75388696739713024', 4.00, 0, '清空操作(clear)', 'clear'),
	('75391192883269632', 'admin', '2022-03-20 09:46:20.000000', 0, 'admin', '2022-03-20 09:46:20.000000', '', '75388696739713024', 5.00, 0, '启用操作(enable)', 'enable'),
	('75391251024711680', 'admin', '2022-03-20 09:46:20.000000', 0, 'admin', '2022-03-20 09:46:20.000000', '', '75388696739713024', 6.00, 0, '禁用操作(disable)', 'disable'),
	('75391297124306944', 'admin', '2022-03-20 09:46:20.000000', 0, 'admin', '2022-03-20 09:46:20.000000', '', '75388696739713024', 7.00, 0, '搜索操作(search)', 'search'),
	('75391343379091456', 'admin', '2022-03-20 09:46:20.000000', 0, 'admin', '2022-03-20 09:46:20.000000', '', '75388696739713024', 8.00, 0, '上传文件(upload)', 'upload'),
	('75391407526776832', 'admin', '2022-03-20 09:46:20.000000', 0, 'admin', '2022-03-20 09:46:20.000000', '', '75388696739713024', 9.00, 0, '导出操作(output)', 'output'),
	('75391475042488320', 'admin', '2022-03-20 09:46:20.000000', 0, 'admin', '2022-03-20 09:46:20.000000', '', '75388696739713024', 10.00, 0, '导入操作(input)', 'input');

DROP TABLE IF EXISTS `a_file`;
CREATE TABLE IF NOT EXISTS `a_file` (
  `id` varchar(255) NOT NULL,
  `create_by` varchar(255) DEFAULT NULL,
  `create_time` datetime(6) DEFAULT NULL,
  `del_flag` int NOT NULL,
  `update_by` varchar(255) DEFAULT NULL,
  `update_time` datetime(6) DEFAULT NULL,
  `name` varchar(255) DEFAULT NULL,
  `size` bigint unsigned DEFAULT NULL,
  `type` varchar(255) DEFAULT NULL,
  `url` varchar(255) DEFAULT NULL,
  `f_key` varchar(255) DEFAULT NULL,
  `location` int DEFAULT NULL,
  PRIMARY KEY (`id`),
  KEY `create_time` (`create_time`) USING BTREE
) ENGINE=InnoDB DEFAULT CHARSET=utf8mb3;

DELETE FROM `a_file`;
INSERT INTO `a_file` (`id`, `create_by`, `create_time`, `del_flag`, `update_by`, `update_time`, `name`, `size`, `type`, `url`, `f_key`, `location`) VALUES
	('1663718815558668288', 'admin', '2023-05-31 09:27:31.000000', 0, NULL, NULL, '头像V2.png', 169931, 'image/png', 'C:\\\\oa-file/20230531/864d0a82f9b74402a6d0d825eb24d2b9.png', '864d0a82f9b74402a6d0d825eb24d2b9.png', 0),
	('1663726644403245056', 'admin', '2023-05-31 09:58:37.238000', 0, NULL, NULL, '1680233479380_a72b67c28ce9442e5d220d11b0b4fddd.png', 312953, 'image/png', 'C:\\\\oa-file/20230531/cc07dec3cf4a48f3a90fc5f4f59f4573.png', 'cc07dec3cf4a48f3a90fc5f4f59f4573.png', 0),
	('1663726667207675904', 'admin', '2023-05-31 09:58:42.671000', 0, NULL, NULL, 'SQLite封面.png', 65907, 'image/png', 'C:\\\\oa-file/20230531/5b4a665aa08d44928a931dbe07f7950e.png', '5b4a665aa08d44928a931dbe07f7950e.png', 0),
	('1663726703383547904', 'admin', '2023-05-31 09:58:51.295000', 0, NULL, NULL, '封面.png', 1571947, 'image/png', 'C:\\\\oa-file/20230531/600f79aee5e24a25b25abb786c4a64e5.png', '600f79aee5e24a25b25abb786c4a64e5.png', 0),
	('1663727083915972608', 'admin', '2023-05-31 10:00:22.017000', 0, NULL, NULL, '测试PDF.pdf', 369573, 'application/pdf', 'C:\\\\oa-file/20230531/a8ba652e01e44946a01c236533d25e7c.pdf', 'a8ba652e01e44946a01c236533d25e7c.pdf', 0);

DROP TABLE IF EXISTS `a_log`;
CREATE TABLE IF NOT EXISTS `a_log` (
  `id` varchar(255) NOT NULL,
  `create_by` varchar(255) DEFAULT NULL,
  `create_time` datetime(6) DEFAULT NULL,
  `del_flag` int NOT NULL,
  `update_by` varchar(255) DEFAULT NULL,
  `update_time` datetime(6) DEFAULT NULL,
  `cost_time` int unsigned DEFAULT NULL,
  `ip` varchar(255) DEFAULT NULL,
  `ip_info` varchar(255) DEFAULT NULL,
  `name` varchar(255) DEFAULT NULL,
  `request_param` text,
  `request_type` varchar(255) DEFAULT NULL,
  `request_url` varchar(255) DEFAULT NULL,
  `username` varchar(255) DEFAULT NULL,
  `log_type` int DEFAULT NULL,
  `code` varchar(255) DEFAULT NULL,
  `device` varchar(255) DEFAULT NULL,
  PRIMARY KEY (`id`),
  KEY `create_time` (`create_time`) USING BTREE
) ENGINE=InnoDB DEFAULT CHARSET=utf8mb3;

DELETE FROM `a_log`;
INSERT INTO `a_log` (`id`, `create_by`, `create_time`, `del_flag`, `update_by`, `update_time`, `cost_time`, `ip`, `ip_info`, `name`, `request_param`, `request_type`, `request_url`, `username`, `log_type`, `code`, `device`) VALUES
	('1536883393592168448', NULL, '2022-06-15 09:28:50.000000', 0, NULL, '2022-06-15 09:28:50.000000', 287, '127.0.0.1', '本地测试', '登录系统', '{"password":"密码隐藏","code":"8817","saveLogin":"true","captchaId":"ef9e5437ff544c8b91d9810febcb58e7","username":"admin"}', 'POST', '/zwz/login', 'admin', 1, '', 'PC端 | Chrome 101.0.0.0 | Windows Windows 10 or Windows Server 2016'),
	('1536883393592168449', NULL, '2022-06-15 09:28:50.000000', 0, NULL, '2022-06-15 09:28:50.000000', 263, '127.0.0.1', '本地测试', '获取当前登录用户', '{}', 'GET', '/zwz/user/info', 'admin', 2, 'USER-02', 'PC端 | Chrome 101.0.0.0 | Windows Windows 10 or Windows Server 2016'),
	('1536883394787545090', NULL, '2022-06-15 09:28:50.000000', 0, NULL, '2022-06-15 09:28:50.000000', 43, '127.0.0.1', '本地测试', '查询菜单', '{}', 'GET', '/zwz/permission/getMenuList', 'admin', 2, 'PERMISSION-02', 'PC端 | Chrome 101.0.0.0 | Windows Windows 10 or Windows Server 2016'),
	('1536883395219558400', NULL, '2022-06-15 09:28:50.000000', 0, NULL, '2022-06-15 09:28:50.000000', 69, '127.0.0.1', '本地测试', '查询个人门户菜单B', '{}', 'POST', '/zwz/myDoor/getMyDoorList6', 'admin', 2, 'MY-DOOR-02', 'PC端 | Chrome 101.0.0.0 | Windows Windows 10 or Windows Server 2016'),
	('1536883401452294144', NULL, '2022-06-15 09:28:52.000000', 0, NULL, '2022-06-15 09:28:52.000000', 76, '127.0.0.1', '本地测试', '查询日志', '{"logType":"1","pageNumber":"1","endDate":"","pageSize":"15","sort":"createTime","ipInfo":"","startDate":"","key":"","order":"desc"}', 'GET', '/zwz/log/getAllByPage', 'admin', 2, 'LOG-01', 'PC端 | Chrome 101.0.0.0 | Windows Windows 10 or Windows Server 2016'),
	('1536883413934542848', NULL, '2022-06-15 09:28:54.000000', 0, NULL, '2022-06-15 09:28:54.000000', 40, '127.0.0.1', '本地测试', '查询子部门', '{}', 'GET', '/zwz/department/getByParentId', 'admin', 2, 'DEP-01', 'PC端 | Chrome 101.0.0.0 | Windows Windows 10 or Windows Server 2016'),
	('1536883415226388480', NULL, '2022-06-15 09:28:55.000000', 0, NULL, '2022-06-15 09:28:55.000000', 39, '127.0.0.1', '本地测试', '查询全部角色', '{}', 'GET', '/zwz/role/getAllList', 'admin', 2, 'ROLE-01', 'PC端 | Chrome 101.0.0.0 | Windows Windows 10 or Windows Server 2016'),
	('1536883415259942913', NULL, '2022-06-15 09:28:55.000000', 0, NULL, '2022-06-15 09:28:55.000000', 49, '127.0.0.1', '本地测试', '查询单个数据字典的值', '{}', 'GET', '/zwz/dictData/getByType/sex', 'admin', 2, 'DICT_DATA-01', 'PC端 | Chrome 101.0.0.0 | Windows Windows 10 or Windows Server 2016'),
	('1536883415280914432', NULL, '2022-06-15 09:28:55.000000', 0, NULL, '2022-06-15 09:28:55.000000', 94, '127.0.0.1', '本地测试', '查询用户', '{"pageNumber":"1","departmentId":"","nickname":"","pageSize":"20","sort":"createTime","order":"desc"}', 'GET', '/zwz/user/getUserList', 'admin', 2, 'USER-07', 'PC端 | Chrome 101.0.0.0 | Windows Windows 10 or Windows Server 2016'),
	('1536883415444492288', NULL, '2022-06-15 09:28:55.000000', 0, NULL, '2022-06-15 09:28:55.000000', 36, '127.0.0.1', '本地测试', '查询子部门', '{}', 'GET', '/zwz/department/getByParentId', 'admin', 2, 'DEP-01', 'PC端 | Chrome 101.0.0.0 | Windows Windows 10 or Windows Server 2016'),
	('1536883420095975424', NULL, '2022-06-15 09:28:56.000000', 0, NULL, '2022-06-15 09:28:56.000000', 40, '127.0.0.1', '本地测试', '查询子部门', '{}', 'GET', '/zwz/department/getByParentId', 'admin', 2, 'DEP-01', 'PC端 | Chrome 101.0.0.0 | Windows Windows 10 or Windows Server 2016'),
	('1536883420171472896', NULL, '2022-06-15 09:28:56.000000', 0, NULL, '2022-06-15 09:28:56.000000', 58, '127.0.0.1', '本地测试', '查询用户', '{"pageNumber":"1","departmentId":"","pageSize":"10","sort":"createTime","order":"desc"}', 'GET', '/zwz/myUser/getByPage', 'admin', 2, 'USER-01', 'PC端 | Chrome 101.0.0.0 | Windows Windows 10 or Windows Server 2016'),
	('1536883421131968513', NULL, '2022-06-15 09:28:56.000000', 0, NULL, '2022-06-15 09:28:56.000000', 38, '127.0.0.1', '本地测试', '查询子部门', '{}', 'GET', '/zwz/department/getByParentId', 'admin', 2, 'DEP-01', 'PC端 | Chrome 101.0.0.0 | Windows Windows 10 or Windows Server 2016'),
	('1536883423262674944', NULL, '2022-06-15 09:28:57.000000', 0, NULL, '2022-06-15 09:28:57.000000', 50, '127.0.0.1', '本地测试', '查询系统文件', '{"pageNumber":"1","endDate":"","fkey":"","name":"","pageSize":"15","sort":"createTime","type":"","startDate":"","order":"desc"}', 'GET', '/zwz/file/getByCondition', 'admin', 2, 'FILE-01', 'PC端 | Chrome 101.0.0.0 | Windows Windows 10 or Windows Server 2016'),
	('1536883424516771840', NULL, '2022-06-15 09:28:57.000000', 0, NULL, '2022-06-15 09:28:57.000000', 41, '127.0.0.1', '本地测试', '查看单个配置', '{"id":"FILE_HTTP"}', 'GET', '/zwz/setting/getOne', 'admin', 2, 'SETTING-01', 'PC端 | Chrome 101.0.0.0 | Windows Windows 10 or Windows Server 2016'),
	('1536883424516771841', NULL, '2022-06-15 09:28:57.000000', 0, NULL, '2022-06-15 09:28:57.000000', 34, '127.0.0.1', '本地测试', '查看单个配置', '{"id":"FILE_PATH"}', 'GET', '/zwz/setting/getOne', 'admin', 2, 'SETTING-01', 'PC端 | Chrome 101.0.0.0 | Windows Windows 10 or Windows Server 2016'),
	('1536883424516771842', NULL, '2022-06-15 09:28:57.000000', 0, NULL, '2022-06-15 09:28:57.000000', 44, '127.0.0.1', '本地测试', '查看单个配置', '{"id":"FILE_VIEW"}', 'GET', '/zwz/setting/getOne', 'admin', 2, 'SETTING-01', 'PC端 | Chrome 101.0.0.0 | Windows Windows 10 or Windows Server 2016'),
	('1536883426920108032', NULL, '2022-06-15 09:28:58.000000', 0, NULL, '2022-06-15 09:28:58.000000', 55, '127.0.0.1', '本地测试', '查询角色', '{"pageNumber":"1","pageSize":"15","sort":"createTime","order":"desc"}', 'GET', '/zwz/role/getAllByPage', 'admin', 2, 'ROLE-02', 'PC端 | Chrome 101.0.0.0 | Windows Windows 10 or Windows Server 2016'),
	('1536883430367825920', NULL, '2022-06-15 09:28:58.000000', 0, NULL, '2022-06-15 09:28:58.000000', 45, '127.0.0.1', '本地测试', '查询单个数据字典的值', '{}', 'GET', '/zwz/dictData/getByType/permission_type', 'admin', 2, 'DICT_DATA-01', 'PC端 | Chrome 101.0.0.0 | Windows Windows 10 or Windows Server 2016'),
	('1536883433186398208', NULL, '2022-06-15 09:28:59.000000', 0, NULL, '2022-06-15 09:28:59.000000', 43, '127.0.0.1', '本地测试', '查询日志', '{"logType":"1","pageNumber":"1","endDate":"","pageSize":"15","sort":"createTime","ipInfo":"","startDate":"","key":"","order":"desc"}', 'GET', '/zwz/log/getAllByPage', 'admin', 2, 'LOG-01', 'PC端 | Chrome 101.0.0.0 | Windows Windows 10 or Windows Server 2016'),
	('1536883444859146240', NULL, '2022-06-15 09:29:02.000000', 0, NULL, '2022-06-15 09:29:02.000000', 50, '127.0.0.1', '本地测试', '查询所有数据字典', '{}', 'GET', '/zwz/dict/getAll', 'admin', 2, 'DICT-01', 'PC端 | Chrome 101.0.0.0 | Windows Windows 10 or Windows Server 2016'),
	('1536883444947226624', NULL, '2022-06-15 09:29:02.000000', 0, NULL, '2022-06-15 09:29:02.000000', 59, '127.0.0.1', '本地测试', '查询数据字典值', '{"pageNumber":"1","name":"","pageSize":"10","sort":"sortOrder","status":"","order":"asc"}', 'GET', '/zwz/dictData/getByCondition', 'admin', 2, 'DICT_DATA-02', 'PC端 | Chrome 101.0.0.0 | Windows Windows 10 or Windows Server 2016'),
	('1536883446968881152', NULL, '2022-06-15 09:29:02.000000', 0, NULL, '2022-06-15 09:29:02.000000', 43, '127.0.0.1', '本地测试', '查询个人门户菜单B', '{}', 'POST', '/zwz/myDoor/getMyDoorList6', 'admin', 2, 'MY-DOOR-02', 'PC端 | Chrome 101.0.0.0 | Windows Windows 10 or Windows Server 2016'),
	('1536883451238682624', NULL, '2022-06-15 09:29:03.000000', 0, NULL, '2022-06-15 09:29:03.000000', 52, '127.0.0.1', '本地测试', '查询单个数据字典的值', '{}', 'GET', '/zwz/dictData/getByType/sex', 'admin', 2, 'DICT_DATA-01', 'PC端 | Chrome 101.0.0.0 | Windows Windows 10 or Windows Server 2016'),
	('1536883451347734528', NULL, '2022-06-15 09:29:03.000000', 0, NULL, '2022-06-15 09:29:03.000000', 65, '127.0.0.1', '本地测试', '查询学生', '{"pageNumber":"1","pageSize":"15","sort":"createTime","order":"desc"}', 'GET', '/zwz/student/getByPage', 'admin', 3, 'STUDENT-04', 'PC端 | Chrome 101.0.0.0 | Windows Windows 10 or Windows Server 2016'),
	('1536883452538916864', NULL, '2022-06-15 09:29:04.000000', 0, NULL, '2022-06-15 09:29:04.000000', 43, '127.0.0.1', '本地测试', '查询单个数据字典的值', '{}', 'GET', '/zwz/dictData/getByType/education', 'admin', 2, 'DICT_DATA-01', 'PC端 | Chrome 101.0.0.0 | Windows Windows 10 or Windows Server 2016'),
	('1536883453881094144', NULL, '2022-06-15 09:29:04.000000', 0, NULL, '2022-06-15 09:29:04.000000', 48, '127.0.0.1', '本地测试', '查询教师', '{"pageNumber":"1","pageSize":"15","sort":"createTime","order":"desc"}', 'GET', '/zwz/teacher/getByPage', 'admin', 3, 'TEACHER-04', 'PC端 | Chrome 101.0.0.0 | Windows Windows 10 or Windows Server 2016'),
	('1536883466526920704', NULL, '2022-06-15 09:29:07.000000', 0, NULL, '2022-06-15 09:29:07.000000', 42, '127.0.0.1', '本地测试', '查询图表数据', '{}', 'GET', '/zwz/teacher/getAntvVoList', 'admin', 4, 'CHART-01', 'PC端 | Chrome 101.0.0.0 | Windows Windows 10 or Windows Server 2016'),
	('1536883470083690496', NULL, '2022-06-15 09:29:08.000000', 0, NULL, '2022-06-15 09:29:08.000000', 46, '127.0.0.1', '本地测试', '查询个人门户菜单B', '{}', 'POST', '/zwz/myDoor/getMyDoorList6', 'admin', 2, 'MY-DOOR-02', 'PC端 | Chrome 101.0.0.0 | Windows Windows 10 or Windows Server 2016'),
	('1536883482377195520', NULL, '2022-06-15 09:29:11.000000', 0, NULL, '2022-06-15 09:29:11.000000', 41, '127.0.0.1', '本地测试', '查询日志', '{"logType":"1","pageNumber":"1","endDate":"","pageSize":"15","sort":"createTime","ipInfo":"","startDate":"","key":"","order":"desc"}', 'GET', '/zwz/log/getAllByPage', 'admin', 2, 'LOG-01', 'PC端 | Chrome 101.0.0.0 | Windows Windows 10 or Windows Server 2016'),
	('1536883484109443072', NULL, '2022-06-15 09:29:11.000000', 0, NULL, '2022-06-15 09:29:11.000000', 50, '127.0.0.1', '本地测试', '查询日志', '{"logType":"2","pageNumber":"1","endDate":"","pageSize":"15","sort":"createTime","ipInfo":"","startDate":"","key":"","order":"desc"}', 'GET', '/zwz/log/getAllByPage', 'admin', 2, 'LOG-01', 'PC端 | Chrome 101.0.0.0 | Windows Windows 10 or Windows Server 2016'),
	('1536883506003709952', NULL, '2022-06-15 09:29:16.000000', 0, NULL, '2022-06-15 09:29:16.000000', 86, '127.0.0.1', '本地测试', '查询日志', '{"logType":"3","pageNumber":"1","endDate":"","pageSize":"15","sort":"createTime","ipInfo":"","startDate":"","key":"","order":"desc"}', 'GET', '/zwz/log/getAllByPage', 'admin', 2, 'LOG-01', 'PC端 | Chrome 101.0.0.0 | Windows Windows 10 or Windows Server 2016'),
	('1536883509954744320', NULL, '2022-06-15 09:29:17.000000', 0, NULL, '2022-06-15 09:29:17.000000', 38, '127.0.0.1', '本地测试', '查询日志', '{"logType":"4","pageNumber":"1","endDate":"","pageSize":"15","sort":"createTime","ipInfo":"","startDate":"","key":"","order":"desc"}', 'GET', '/zwz/log/getAllByPage', 'admin', 2, 'LOG-01', 'PC端 | Chrome 101.0.0.0 | Windows Windows 10 or Windows Server 2016'),
	('1536883517961670656', NULL, '2022-06-15 09:29:19.000000', 0, NULL, '2022-06-15 09:29:19.000000', 39, '127.0.0.1', '本地测试', '查询日志', '{"logType":"1","pageNumber":"1","endDate":"","pageSize":"15","sort":"createTime","ipInfo":"","startDate":"","key":"","order":"desc"}', 'GET', '/zwz/log/getAllByPage', 'admin', 2, 'LOG-01', 'PC端 | Chrome 101.0.0.0 | Windows Windows 10 or Windows Server 2016'),
	('1658361809163390976', NULL, '2023-05-16 14:40:41.000000', 0, NULL, '2023-05-16 14:40:41.000000', 52, '127.0.0.1', '本地测试', '登录系统', '{"username":"admin","password":"","code":"6572","captchaId":"6720ebc919454634bec3152535dfb2f7","saveLogin":"true"}', 'POST', '/zwz/login', 'admin', 1, '', 'PC端 | Chrome 113.0.0.0 | Windows Windows 10 or Windows Server 2016'),
	('1658361810711089152', NULL, '2023-05-16 14:40:41.000000', 0, NULL, '2023-05-16 14:40:41.000000', 35, '127.0.0.1', '本地测试', '获取当前登录用户', '{}', 'GET', '/zwz/user/info', 'admin', 2, 'USER-02', 'PC端 | Chrome 113.0.0.0 | Windows Windows 10 or Windows Server 2016'),
	('1658361811726110720', NULL, '2023-05-16 14:40:41.000000', 0, NULL, '2023-05-16 14:40:41.000000', 52, '127.0.0.1', '本地测试', '查询菜单', '{}', 'GET', '/zwz/permission/getMenuList', 'admin', 2, 'PERMISSION-02', 'PC端 | Chrome 113.0.0.0 | Windows Windows 10 or Windows Server 2016'),
	('1658361814729232384', NULL, '2023-05-16 14:40:42.000000', 0, NULL, '2023-05-16 14:40:42.000000', 41, '127.0.0.1', '本地测试', '查询菜单', '{}', 'GET', '/zwz/permission/getMenuList', 'admin', 2, 'PERMISSION-02', 'PC端 | Chrome 113.0.0.0 | Windows Windows 10 or Windows Server 2016'),
	('1658361814972502016', NULL, '2023-05-16 14:40:42.000000', 0, NULL, '2023-05-16 14:40:42.000000', 66, '127.0.0.1', '本地测试', '查询个人门户菜单B', '{}', 'POST', '/zwz/myDoor/getMyDoorList6', 'admin', 2, 'MY-DOOR-02', 'PC端 | Chrome 113.0.0.0 | Windows Windows 10 or Windows Server 2016'),
	('1658362015967744000', NULL, '2023-05-16 14:41:30.000000', 0, NULL, '2023-05-16 14:41:30.000000', 56, '127.0.0.1', '本地测试', '登录系统', '{"username":"admin","password":"","code":"1340","captchaId":"c4f6841d7ddd41e591d25b969273f9a1","saveLogin":"true"}', 'POST', '/zwz/login', 'admin', 1, '', 'PC端 | Chrome 113.0.0.0 | Windows Windows 10 or Windows Server 2016'),
	('1658362016018075648', NULL, '2023-05-16 14:41:30.000000', 0, NULL, '2023-05-16 14:41:30.000000', 56, '127.0.0.1', '本地测试', '获取当前登录用户', '{}', 'GET', '/zwz/user/info', 'admin', 2, 'USER-02', 'PC端 | Chrome 113.0.0.0 | Windows Windows 10 or Windows Server 2016'),
	('1658362017679020032', NULL, '2023-05-16 14:41:31.000000', 0, NULL, '2023-05-16 14:41:31.000000', 36, '127.0.0.1', '本地测试', '查询菜单', '{}', 'GET', '/zwz/permission/getMenuList', 'admin', 2, 'PERMISSION-02', 'PC端 | Chrome 113.0.0.0 | Windows Windows 10 or Windows Server 2016'),
	('1658362018035535872', NULL, '2023-05-16 14:41:31.000000', 0, NULL, '2023-05-16 14:41:31.000000', 36, '127.0.0.1', '本地测试', '查询个人门户菜单B', '{}', 'POST', '/zwz/myDoor/getMyDoorList6', 'admin', 2, 'MY-DOOR-02', 'PC端 | Chrome 113.0.0.0 | Windows Windows 10 or Windows Server 2016'),
	('1658362039741059072', NULL, '2023-05-16 14:41:36.000000', 0, NULL, '2023-05-16 14:41:36.000000', 73, '127.0.0.1', '本地测试', '查询菜单', '{}', 'GET', '/zwz/permission/getMenuList', 'admin', 2, 'PERMISSION-02', 'PC端 | Chrome 113.0.0.0 | Windows Windows 10 or Windows Server 2016'),
	('1658362040869326848', NULL, '2023-05-16 14:41:36.000000', 0, NULL, '2023-05-16 14:41:36.000000', 51, '127.0.0.1', '本地测试', '查询个人门户菜单B', '{}', 'POST', '/zwz/myDoor/getMyDoorList6', 'admin', 2, 'MY-DOOR-02', 'PC端 | Chrome 113.0.0.0 | Windows Windows 10 or Windows Server 2016'),
	('1658362178484441088', NULL, '2023-05-16 14:42:09.000000', 0, NULL, '2023-05-16 14:42:09.000000', 70, '127.0.0.1', '本地测试', '登录系统', '{"username":"admin","password":"","code":"3716","captchaId":"81e7abf60b5e463aabee86b57f6ab460","saveLogin":"true"}', 'POST', '/zwz/login', 'admin', 1, '', 'PC端 | Chrome 113.0.0.0 | Windows Windows 10 or Windows Server 2016'),
	('1658362179835006976', NULL, '2023-05-16 14:42:09.000000', 0, NULL, '2023-05-16 14:42:09.000000', 34, '127.0.0.1', '本地测试', '获取当前登录用户', '{}', 'GET', '/zwz/user/info', 'admin', 2, 'USER-02', 'PC端 | Chrome 113.0.0.0 | Windows Windows 10 or Windows Server 2016'),
	('1658362180946497536', NULL, '2023-05-16 14:42:10.000000', 0, NULL, '2023-05-16 14:42:10.000000', 32, '127.0.0.1', '本地测试', '查询菜单', '{}', 'GET', '/zwz/permission/getMenuList', 'admin', 2, 'PERMISSION-02', 'PC端 | Chrome 113.0.0.0 | Windows Windows 10 or Windows Server 2016'),
	('1658362181504339968', NULL, '2023-05-16 14:42:10.000000', 0, NULL, '2023-05-16 14:42:10.000000', 75, '127.0.0.1', '本地测试', '查询个人门户菜单B', '{}', 'POST', '/zwz/myDoor/getMyDoorList6', 'admin', 2, 'MY-DOOR-02', 'PC端 | Chrome 113.0.0.0 | Windows Windows 10 or Windows Server 2016'),
	('1658362440305479680', NULL, '2023-05-16 14:43:11.000000', 0, NULL, '2023-05-16 14:43:11.000000', 95, '127.0.0.1', '本地测试', '登录系统', '{"username":"admin","password":"","code":"5161","captchaId":"2fccb8aec95a48199bdd35365270b793","saveLogin":"true"}', 'POST', '/zwz/login', 'admin', 1, '', 'PC端 | Chrome 113.0.0.0 | Windows Windows 10 or Windows Server 2016'),
	('1658362440364199936', NULL, '2023-05-16 14:43:11.000000', 0, NULL, '2023-05-16 14:43:11.000000', 91, '127.0.0.1', '本地测试', '获取当前登录用户', '{}', 'GET', '/zwz/user/info', 'admin', 2, 'USER-02', 'PC端 | Chrome 113.0.0.0 | Windows Windows 10 or Windows Server 2016'),
	('1658362442188722185', NULL, '2023-05-16 14:43:12.000000', 0, NULL, '2023-05-16 14:43:12.000000', 49, '127.0.0.1', '本地测试', '查询个人门户菜单B', '{}', 'POST', '/zwz/myDoor/getMyDoorList6', 'admin', 2, 'MY-DOOR-02', 'PC端 | Chrome 113.0.0.0 | Windows Windows 10 or Windows Server 2016'),
	('1658362442406825984', NULL, '2023-05-16 14:43:12.000000', 0, NULL, '2023-05-16 14:43:12.000000', 97, '127.0.0.1', '本地测试', '查询菜单', '{}', 'GET', '/zwz/permission/getMenuList', 'admin', 2, 'PERMISSION-02', 'PC端 | Chrome 113.0.0.0 | Windows Windows 10 or Windows Server 2016'),
	('1658362452213108736', NULL, '2023-05-16 14:43:14.000000', 0, NULL, '2023-05-16 14:43:14.000000', 51, '127.0.0.1', '本地测试', '查询单个数据字典的值', '{}', 'GET', '/zwz/dictData/getByType/permission_type', 'admin', 2, 'DICT_DATA-01', 'PC端 | Chrome 113.0.0.0 | Windows Windows 10 or Windows Server 2016'),
	('1658362452355715072', NULL, '2023-05-16 14:43:14.000000', 0, NULL, '2023-05-16 14:43:14.000000', 72, '127.0.0.1', '本地测试', '查询全部菜单', '{}', 'GET', '/zwz/permission/getAllList', 'admin', 2, 'PERMISSION-04', 'PC端 | Chrome 113.0.0.0 | Windows Windows 10 or Windows Server 2016'),
	('1658362463428677632', NULL, '2023-05-16 14:43:17.000000', 0, NULL, '2023-05-16 14:43:17.000000', 93, '127.0.0.1', '本地测试', '查询角色', '{"pageNumber":"1","pageSize":"15","sort":"createTime","order":"desc"}', 'GET', '/zwz/role/getAllByPage', 'admin', 2, 'ROLE-02', 'PC端 | Chrome 113.0.0.0 | Windows Windows 10 or Windows Server 2016'),
	('1658362494080651264', NULL, '2023-05-16 14:43:24.000000', 0, NULL, '2023-05-16 14:43:24.000000', 100, '127.0.0.1', '本地测试', '修改菜单权限', '{"roleId":"1536606659751841799","permIds":"125909152017944576,1464484663442673664,5129710648430594,56309618086776832,1530689602321518592,1535166438371889152,5129710648430593,40238597734928384,5129710648430595,41363147411427328,1536599942410407936,1536600125332393984,1536600268379131904,1536604417711804416,1536606273959759872,1536606372668510208,1536606464712511488,1536606550951596032,1536606637815631872,1536875505901506560"}', 'POST', '/zwz/role/editRolePerm', 'admin', 2, 'ROLE-04', 'PC端 | Chrome 113.0.0.0 | Windows Windows 10 or Windows Server 2016'),
	('1658362495276027904', NULL, '2023-05-16 14:43:24.000000', 0, NULL, '2023-05-16 14:43:24.000000', 65, '127.0.0.1', '本地测试', '查询菜单', '{}', 'GET', '/zwz/permission/getMenuList', 'admin', 2, 'PERMISSION-02', 'PC端 | Chrome 113.0.0.0 | Windows Windows 10 or Windows Server 2016'),
	('1658362495976476673', NULL, '2023-05-16 14:43:25.000000', 0, NULL, '2023-05-16 14:43:25.000000', 54, '127.0.0.1', '本地测试', '查询角色', '{"pageNumber":"1","pageSize":"15","sort":"createTime","order":"desc"}', 'GET', '/zwz/role/getAllByPage', 'admin', 2, 'ROLE-02', 'PC端 | Chrome 113.0.0.0 | Windows Windows 10 or Windows Server 2016'),
	('1658362497784221696', NULL, '2023-05-16 14:43:25.000000', 0, NULL, '2023-05-16 14:43:25.000000', 43, '127.0.0.1', '本地测试', '查询单个数据字典的值', '{}', 'GET', '/zwz/dictData/getByType/permission_type', 'admin', 2, 'DICT_DATA-01', 'PC端 | Chrome 113.0.0.0 | Windows Windows 10 or Windows Server 2016'),
	('1658362514016178176', NULL, '2023-05-16 14:43:29.000000', 0, NULL, '2023-05-16 14:43:29.000000', 52, '127.0.0.1', '本地测试', '删除菜单', '{"ids":"1464485105081913345,1464485485316542465,5129710648430592,1530689520276738048,39915540965232640,1535166254703316992"}', 'POST', '/zwz/permission/delByIds', 'admin', 2, 'PERMISSION-05', 'PC端 | Chrome 113.0.0.0 | Windows Windows 10 or Windows Server 2016'),
	('1658362515098308608', NULL, '2023-05-16 14:43:29.000000', 0, NULL, '2023-05-16 14:43:29.000000', 54, '127.0.0.1', '本地测试', '查询菜单', '{}', 'GET', '/zwz/permission/getMenuList', 'admin', 2, 'PERMISSION-02', 'PC端 | Chrome 113.0.0.0 | Windows Windows 10 or Windows Server 2016'),
	('1658362515542904832', NULL, '2023-05-16 14:43:29.000000', 0, NULL, '2023-05-16 14:43:29.000000', 43, '127.0.0.1', '本地测试', '查询单个数据字典的值', '{}', 'GET', '/zwz/dictData/getByType/permission_type', 'admin', 2, 'DICT_DATA-01', 'PC端 | Chrome 113.0.0.0 | Windows Windows 10 or Windows Server 2016'),
	('1658362515706482688', NULL, '2023-05-16 14:43:29.000000', 0, NULL, '2023-05-16 14:43:29.000000', 78, '127.0.0.1', '本地测试', '查询全部菜单', '{}', 'GET', '/zwz/permission/getAllList', 'admin', 2, 'PERMISSION-04', 'PC端 | Chrome 113.0.0.0 | Windows Windows 10 or Windows Server 2016'),
	('1658362741615890432', NULL, '2023-05-16 14:44:23.000000', 0, NULL, '2023-05-16 14:44:23.000000', 81, '127.0.0.1', '本地测试', '登录系统', '{"username":"admin","password":"","code":"1583","captchaId":"bc3842429d094429954a58abaade13ff","saveLogin":"true"}', 'POST', '/zwz/login', 'admin', 1, '', 'PC端 | Chrome 113.0.0.0 | Windows Windows 10 or Windows Server 2016'),
	('1658362742261813248', NULL, '2023-05-16 14:44:23.000000', 0, NULL, '2023-05-16 14:44:23.000000', 43, '127.0.0.1', '本地测试', '获取当前登录用户', '{}', 'GET', '/zwz/user/info', 'admin', 2, 'USER-02', 'PC端 | Chrome 113.0.0.0 | Windows Windows 10 or Windows Server 2016'),
	('1658362743050342400', NULL, '2023-05-16 14:44:24.000000', 0, NULL, '2023-05-16 14:44:24.000000', 58, '127.0.0.1', '本地测试', '查询菜单', '{}', 'GET', '/zwz/permission/getMenuList', 'admin', 2, 'PERMISSION-02', 'PC端 | Chrome 113.0.0.0 | Windows Windows 10 or Windows Server 2016'),
	('1658362747857014784', NULL, '2023-05-16 14:44:25.000000', 0, NULL, '2023-05-16 14:44:25.000000', 45, '127.0.0.1', '本地测试', '查询菜单', '{}', 'GET', '/zwz/permission/getMenuList', 'admin', 2, 'PERMISSION-02', 'PC端 | Chrome 113.0.0.0 | Windows Windows 10 or Windows Server 2016'),
	('1658362748788150272', NULL, '2023-05-16 14:44:25.000000', 0, NULL, '2023-05-16 14:44:25.000000', 50, '127.0.0.1', '本地测试', '查询个人门户菜单B', '{}', 'POST', '/zwz/myDoor/getMyDoorList6', 'admin', 2, 'MY-DOOR-02', 'PC端 | Chrome 113.0.0.0 | Windows Windows 10 or Windows Server 2016'),
	('1658362760645447680', NULL, '2023-05-16 14:44:28.000000', 0, NULL, '2023-05-16 14:44:28.000000', 43, '127.0.0.1', '本地测试', '查询全部角色', '{}', 'GET', '/zwz/role/getAllList', 'admin', 2, 'ROLE-01', 'PC端 | Chrome 113.0.0.0 | Windows Windows 10 or Windows Server 2016'),
	('1658362760653836288', NULL, '2023-05-16 14:44:28.000000', 0, NULL, '2023-05-16 14:44:28.000000', 77, '127.0.0.1', '本地测试', '查询单个数据字典的值', '{}', 'GET', '/zwz/dictData/getByType/sex', 'admin', 2, 'DICT_DATA-01', 'PC端 | Chrome 113.0.0.0 | Windows Windows 10 or Windows Server 2016'),
	('1658362760733528064', NULL, '2023-05-16 14:44:28.000000', 0, NULL, '2023-05-16 14:44:28.000000', 98, '127.0.0.1', '本地测试', '查询用户', '{"nickname":"","departmentId":"","pageNumber":"1","pageSize":"20","sort":"createTime","order":"desc"}', 'GET', '/zwz/user/getUserList', 'admin', 2, 'USER-07', 'PC端 | Chrome 113.0.0.0 | Windows Windows 10 or Windows Server 2016'),
	('1658362760750305280', NULL, '2023-05-16 14:44:28.000000', 0, NULL, '2023-05-16 14:44:28.000000', 98, '127.0.0.1', '本地测试', '查询子部门', '{}', 'GET', '/zwz/department/getByParentId', 'admin', 2, 'DEP-01', 'PC端 | Chrome 113.0.0.0 | Windows Windows 10 or Windows Server 2016'),
	('1658362762482552832', NULL, '2023-05-16 14:44:28.000000', 0, NULL, '2023-05-16 14:44:28.000000', 56, '127.0.0.1', '本地测试', '查询子部门', '{}', 'GET', '/zwz/department/getByParentId', 'admin', 2, 'DEP-01', 'PC端 | Chrome 113.0.0.0 | Windows Windows 10 or Windows Server 2016'),
	('1658362764198023168', NULL, '2023-05-16 14:44:29.000000', 0, NULL, '2023-05-16 14:44:29.000000', 48, '127.0.0.1', '本地测试', '查询子部门', '{}', 'GET', '/zwz/department/getByParentId', 'admin', 2, 'DEP-01', 'PC端 | Chrome 113.0.0.0 | Windows Windows 10 or Windows Server 2016'),
	('1658362765515034624', NULL, '2023-05-16 14:44:29.000000', 0, NULL, '2023-05-16 14:44:29.000000', 51, '127.0.0.1', '本地测试', '查询用户', '{"pageNumber":"1","pageSize":"10","sort":"createTime","order":"desc","departmentId":""}', 'GET', '/zwz/myUser/getByPage', 'admin', 2, 'USER-01', 'PC端 | Chrome 113.0.0.0 | Windows Windows 10 or Windows Server 2016'),
	('1658362765724749827', NULL, '2023-05-16 14:44:29.000000', 0, NULL, '2023-05-16 14:44:29.000000', 44, '127.0.0.1', '本地测试', '查询子部门', '{}', 'GET', '/zwz/department/getByParentId', 'admin', 2, 'DEP-01', 'PC端 | Chrome 113.0.0.0 | Windows Windows 10 or Windows Server 2016'),
	('1658362767855456256', NULL, '2023-05-16 14:44:29.000000', 0, NULL, '2023-05-16 14:44:29.000000', 49, '127.0.0.1', '本地测试', '查询系统文件', '{"name":"","fkey":"","type":"","pageNumber":"1","pageSize":"15","sort":"createTime","order":"desc","startDate":"","endDate":""}', 'GET', '/zwz/file/getByCondition', 'admin', 2, 'FILE-01', 'PC端 | Chrome 113.0.0.0 | Windows Windows 10 or Windows Server 2016'),
	('1658362768522350592', NULL, '2023-05-16 14:44:30.000000', 0, NULL, '2023-05-16 14:44:30.000000', 36, '127.0.0.1', '本地测试', '查看单个配置', '{"id":"FILE_PATH"}', 'GET', '/zwz/setting/getOne', 'admin', 2, 'SETTING-01', 'PC端 | Chrome 113.0.0.0 | Windows Windows 10 or Windows Server 2016'),
	('1658362769134718976', NULL, '2023-05-16 14:44:30.000000', 0, NULL, '2023-05-16 14:44:30.000000', 36, '127.0.0.1', '本地测试', '查看单个配置', '{"id":"FILE_VIEW"}', 'GET', '/zwz/setting/getOne', 'admin', 2, 'SETTING-01', 'PC端 | Chrome 113.0.0.0 | Windows Windows 10 or Windows Server 2016'),
	('1658362769134718977', NULL, '2023-05-16 14:44:30.000000', 0, NULL, '2023-05-16 14:44:30.000000', 38, '127.0.0.1', '本地测试', '查看单个配置', '{"id":"FILE_HTTP"}', 'GET', '/zwz/setting/getOne', 'admin', 2, 'SETTING-01', 'PC端 | Chrome 113.0.0.0 | Windows Windows 10 or Windows Server 2016'),
	('1658362769843556352', NULL, '2023-05-16 14:44:30.000000', 0, NULL, '2023-05-16 14:44:30.000000', 48, '127.0.0.1', '本地测试', '查询角色', '{"pageNumber":"1","pageSize":"15","sort":"createTime","order":"desc"}', 'GET', '/zwz/role/getAllByPage', 'admin', 2, 'ROLE-02', 'PC端 | Chrome 113.0.0.0 | Windows Windows 10 or Windows Server 2016'),
	('1658362771160567808', NULL, '2023-05-16 14:44:30.000000', 0, NULL, '2023-05-16 14:44:30.000000', 57, '127.0.0.1', '本地测试', '查询全部菜单', '{}', 'GET', '/zwz/permission/getAllList', 'admin', 2, 'PERMISSION-04', 'PC端 | Chrome 113.0.0.0 | Windows Windows 10 or Windows Server 2016'),
	('1658362774184660992', NULL, '2023-05-16 14:44:31.000000', 0, NULL, '2023-05-16 14:44:31.000000', 47, '127.0.0.1', '本地测试', '查询单个数据字典的值', '{}', 'GET', '/zwz/dictData/getByType/permission_type', 'admin', 2, 'DICT_DATA-01', 'PC端 | Chrome 113.0.0.0 | Windows Windows 10 or Windows Server 2016'),
	('1658362776529276928', NULL, '2023-05-16 14:44:32.000000', 0, NULL, '2023-05-16 14:44:32.000000', 49, '127.0.0.1', '本地测试', '查询日志', '{"logType":"1","pageNumber":"1","pageSize":"15","startDate":"","endDate":"","sort":"createTime","order":"desc","ipInfo":"","key":""}', 'GET', '/zwz/log/getAllByPage', 'admin', 2, 'LOG-01', 'PC端 | Chrome 113.0.0.0 | Windows Windows 10 or Windows Server 2016'),
	('1658362780228653056', NULL, '2023-05-16 14:44:32.000000', 0, NULL, '2023-05-16 14:44:32.000000', 41, '127.0.0.1', '本地测试', '查询所有数据字典', '{}', 'GET', '/zwz/dict/getAll', 'admin', 2, 'DICT-01', 'PC端 | Chrome 113.0.0.0 | Windows Windows 10 or Windows Server 2016'),
	('1658362780908130304', NULL, '2023-05-16 14:44:33.000000', 0, NULL, '2023-05-16 14:44:33.000000', 52, '127.0.0.1', '本地测试', '查询数据字典值', '{"name":"","status":"","pageNumber":"1","pageSize":"10","sort":"sortOrder","order":"asc"}', 'GET', '/zwz/dictData/getByCondition', 'admin', 2, 'DICT_DATA-02', 'PC端 | Chrome 113.0.0.0 | Windows Windows 10 or Windows Server 2016'),
	('1663718016401149952', NULL, '2023-05-31 09:24:21.000000', 0, NULL, '2023-05-31 09:24:21.000000', 420, '127.0.0.1', '本地测试', '登录系统', '{"username":"admin","password":"","code":"0124","captchaId":"a8002015ab6d42fbb9e2968b704beabf","saveLogin":"true"}', 'POST', '/zwz/login', '管理员', 1, '', 'PC端 | Chrome 113.0.0.0 | Windows Windows 10 or Windows Server 2016'),
	('1663718016598282240', NULL, '2023-05-31 09:24:21.000000', 0, NULL, '2023-05-31 09:24:21.000000', 240, '127.0.0.1', '本地测试', '获取当前登录用户', '{}', 'GET', '/zwz/user/info', '管理员', 2, 'USER-02', 'PC端 | Chrome 113.0.0.0 | Windows Windows 10 or Windows Server 2016'),
	('1663718018741571584', NULL, '2023-05-31 09:24:21.000000', 0, NULL, '2023-05-31 09:24:21.000000', 148, '127.0.0.1', '本地测试', '查询菜单', '{}', 'GET', '/zwz/permission/getMenuList', '管理员', 2, 'PERMISSION-02', 'PC端 | Chrome 113.0.0.0 | Windows Windows 10 or Windows Server 2016'),
	('1663718018997424128', NULL, '2023-05-31 09:24:21.000000', 0, NULL, '2023-05-31 09:24:21.000000', 51, '127.0.0.1', '本地测试', '查询个人门户菜单B', '{}', 'POST', '/zwz/myDoor/getMyDoorList6', '管理员', 2, 'MY-DOOR-02', 'PC端 | Chrome 113.0.0.0 | Windows Windows 10 or Windows Server 2016'),
	('1663718031622279168', NULL, '2023-05-31 09:24:24.000000', 0, NULL, '2023-05-31 09:24:24.000000', 27, '127.0.0.1', '本地测试', '查询全部角色', '{}', 'GET', '/zwz/role/getAllList', '管理员', 2, 'ROLE-01', 'PC端 | Chrome 113.0.0.0 | Windows Windows 10 or Windows Server 2016'),
	('1663718031706165248', NULL, '2023-05-31 09:24:24.000000', 0, NULL, '2023-05-31 09:24:24.000000', 44, '127.0.0.1', '本地测试', '查询单个数据字典的值', '{}', 'GET', '/zwz/dictData/getByType/sex', '管理员', 2, 'DICT_DATA-01', 'PC端 | Chrome 113.0.0.0 | Windows Windows 10 or Windows Server 2016'),
	('1663718031840382976', NULL, '2023-05-31 09:24:24.000000', 0, NULL, '2023-05-31 09:24:24.000000', 76, '127.0.0.1', '本地测试', '查询子部门', '{}', 'GET', '/zwz/department/getByParentId', '管理员', 2, 'DEP-01', 'PC端 | Chrome 113.0.0.0 | Windows Windows 10 or Windows Server 2016'),
	('1663718032024932352', NULL, '2023-05-31 09:24:24.000000', 0, NULL, '2023-05-31 09:24:24.000000', 98, '127.0.0.1', '本地测试', '查询用户', '{"nickname":"","departmentId":"","pageNumber":"1","pageSize":"20","sort":"createTime","order":"desc"}', 'GET', '/zwz/user/getUserList', '管理员', 2, 'USER-07', 'PC端 | Chrome 113.0.0.0 | Windows Windows 10 or Windows Server 2016'),
	('1663718033300000768', NULL, '2023-05-31 09:24:24.000000', 0, NULL, '2023-05-31 09:24:24.000000', 34, '127.0.0.1', '本地测试', '查询子部门', '{}', 'GET', '/zwz/department/getByParentId', '管理员', 2, 'DEP-01', 'PC端 | Chrome 113.0.0.0 | Windows Windows 10 or Windows Server 2016'),
	('1663718797590269956', NULL, '2023-05-31 09:27:26.000000', 0, NULL, '2023-05-31 09:27:26.000000', 78, '127.0.0.1', '本地测试', '查询单个数据字典的值', '{}', 'GET', '/zwz/dictData/getByType/sex', '管理员', 2, 'DICT_DATA-01', 'PC端 | Chrome 113.0.0.0 | Windows Windows 10 or Windows Server 2016'),
	('1663718815743217664', NULL, '2023-05-31 09:27:31.000000', 0, NULL, '2023-05-31 09:27:31.000000', 377, '127.0.0.1', '本地测试', '文件上传', '{}', 'POST', '/zwz/upload/file', '管理员', 2, 'FILE-06', 'PC端 | Chrome 113.0.0.0 | Windows Windows 10 or Windows Server 2016'),
	('1663718833329934337', NULL, '2023-05-31 09:27:35.000000', 0, NULL, '2023-05-31 09:27:35.000000', 35, '127.0.0.1', '本地测试', '修改用户资料', '{"id":"1464764315201572864","updateBy":"admin","updateTime":"2022-05-18 14:41:08","createBy":"","createTime":"2022-03-20 09:46:20","delFlag":"0","nickname":"管理员","username":"admin","password":"","passStrength":"弱","mobile":"17857054388","departmentId":"1464487288363945985","departmentTitle":"部门A","email":"916077357@qq.com","sex":"男","address":"[\\"330000\\",\\"330600\\",\\"330602\\"]","type":"1","myDoor":"user-adminZWZ666department-admin","status":"0","avatar":"http://127.0.0.1:8080/zwz/file/view/1663718815558668288","defaultRole":"","addressArray":"330000,330600,330602","typeTxt":"管理员"}', 'POST', '/zwz/user/edit', '管理员', 2, 'USER-05', 'PC端 | Chrome 113.0.0.0 | Windows Windows 10 or Windows Server 2016'),
	('1663718837671038976', NULL, '2023-05-31 09:27:36.000000', 0, NULL, '2023-05-31 09:27:36.000000', 31, '127.0.0.1', '本地测试', '查询菜单', '{}', 'GET', '/zwz/permission/getMenuList', '管理员', 2, 'PERMISSION-02', 'PC端 | Chrome 113.0.0.0 | Windows Windows 10 or Windows Server 2016'),
	('1663718838065303552', NULL, '2023-05-31 09:27:36.000000', 0, NULL, '2023-05-31 09:27:36.000000', 17, '127.0.0.1', '本地测试', '查询单个数据字典的值', '{}', 'GET', '/zwz/dictData/getByType/sex', '管理员', 2, 'DICT_DATA-01', 'PC端 | Chrome 113.0.0.0 | Windows Windows 10 or Windows Server 2016'),
	('1663721994606219264', NULL, '2023-05-31 09:40:09.022000', 0, NULL, '2023-05-31 09:40:09.022000', 327, '127.0.0.1', '本地测试', '查询单个数据字典的值', '{}', 'GET', '/zwz/dictData/getByType/sex', '管理员', 2, 'DICT_DATA-01', 'PC端 | Chrome 113.0.0.0 | Windows Windows 10 or Windows Server 2016'),
	('1663721994606219265', NULL, '2023-05-31 09:40:09.022000', 0, NULL, '2023-05-31 09:40:09.022000', 331, '127.0.0.1', '本地测试', '查询全部角色', '{}', 'GET', '/zwz/role/getAllList', '管理员', 2, 'ROLE-01', 'PC端 | Chrome 113.0.0.0 | Windows Windows 10 or Windows Server 2016'),
	('1663721994673328128', NULL, '2023-05-31 09:40:09.022000', 0, NULL, '2023-05-31 09:40:09.022000', 347, '127.0.0.1', '本地测试', '查询子部门', '{}', 'GET', '/zwz/department/getByParentId', '管理员', 2, 'DEP-01', 'PC端 | Chrome 113.0.0.0 | Windows Windows 10 or Windows Server 2016'),
	('1663721995101147137', NULL, '2023-05-31 09:40:09.022000', 0, NULL, '2023-05-31 09:40:09.022000', 323, '127.0.0.1', '本地测试', '查询用户', '{"nickname":"","departmentId":"","pageNumber":"1","pageSize":"20","sort":"createTime","order":"desc"}', 'GET', '/zwz/user/getUserList', '管理员', 2, 'USER-07', 'PC端 | Chrome 113.0.0.0 | Windows Windows 10 or Windows Server 2016'),
	('1663721997454151683', NULL, '2023-05-31 09:40:09.357000', 0, NULL, '2023-05-31 09:40:09.357000', 63, '127.0.0.1', '本地测试', '查询子部门', '{}', 'GET', '/zwz/department/getByParentId', '管理员', 2, 'DEP-01', 'PC端 | Chrome 113.0.0.0 | Windows Windows 10 or Windows Server 2016'),
	('1663722000998338560', NULL, '2023-05-31 09:40:10.188000', 0, NULL, '2023-05-31 09:40:10.188000', 48, '127.0.0.1', '本地测试', '查询单个数据字典的值', '{}', 'GET', '/zwz/dictData/getByType/permission_type', '管理员', 2, 'DICT_DATA-01', 'PC端 | Chrome 113.0.0.0 | Windows Windows 10 or Windows Server 2016'),
	('1663722001136750592', NULL, '2023-05-31 09:40:10.224000', 0, NULL, '2023-05-31 09:40:10.224000', 73, '127.0.0.1', '本地测试', '查询全部菜单', '{}', 'GET', '/zwz/permission/getAllList', '管理员', 2, 'PERMISSION-04', 'PC端 | Chrome 113.0.0.0 | Windows Windows 10 or Windows Server 2016'),
	('1663722016932499461', NULL, '2023-05-31 09:40:13.988000', 0, NULL, '2023-05-31 09:40:13.988000', 34, '127.0.0.1', '本地测试', '查询菜单权限拥有者', '{"permissionId":"1464484663442673664"}', 'GET', '/zwz/permission/getUserByPermission', '管理员', 2, 'PERMISSION-01', 'PC端 | Chrome 113.0.0.0 | Windows Windows 10 or Windows Server 2016'),
	('1663722052110127104', NULL, '2023-05-31 09:40:22.435000', 0, NULL, '2023-05-31 09:40:22.435000', 96, '127.0.0.1', '本地测试', '查询全部角色', '{}', 'GET', '/zwz/role/getAllList', '管理员', 2, 'ROLE-01', 'PC端 | Chrome 113.0.0.0 | Windows Windows 10 or Windows Server 2016'),
	('1663722052126904320', NULL, '2023-05-31 09:40:22.431000', 0, NULL, '2023-05-31 09:40:22.431000', 90, '127.0.0.1', '本地测试', '查询单个数据字典的值', '{}', 'GET', '/zwz/dictData/getByType/sex', '管理员', 2, 'DICT_DATA-01', 'PC端 | Chrome 113.0.0.0 | Windows Windows 10 or Windows Server 2016'),
	('1663722052131098624', NULL, '2023-05-31 09:40:22.425000', 0, NULL, '2023-05-31 09:40:22.425000', 85, '127.0.0.1', '本地测试', '查询子部门', '{}', 'GET', '/zwz/department/getByParentId', '管理员', 2, 'DEP-01', 'PC端 | Chrome 113.0.0.0 | Windows Windows 10 or Windows Server 2016'),
	('1663722052185624576', NULL, '2023-05-31 09:40:22.443000', 0, NULL, '2023-05-31 09:40:22.443000', 102, '127.0.0.1', '本地测试', '查询用户', '{"nickname":"","departmentId":"","pageNumber":"1","pageSize":"20","sort":"createTime","order":"desc"}', 'GET', '/zwz/user/getUserList', '管理员', 2, 'USER-07', 'PC端 | Chrome 113.0.0.0 | Windows Windows 10 or Windows Server 2016'),
	('1663722053234200576', NULL, '2023-05-31 09:40:22.652000', 0, NULL, '2023-05-31 09:40:22.652000', 50, '127.0.0.1', '本地测试', '查询子部门', '{}', 'GET', '/zwz/department/getByParentId', '管理员', 2, 'DEP-01', 'PC端 | Chrome 113.0.0.0 | Windows Windows 10 or Windows Server 2016'),
	('1663722116593356800', NULL, '2023-05-31 09:40:37.791000', 0, NULL, '2023-05-31 09:40:37.791000', 81, '127.0.0.1', '本地测试', '查询单个数据字典的值', '{}', 'GET', '/zwz/dictData/getByType/permission_type', '管理员', 2, 'DICT_DATA-01', 'PC端 | Chrome 113.0.0.0 | Windows Windows 10 or Windows Server 2016'),
	('1663722141062926340', NULL, '2023-05-31 09:40:43.685000', 0, NULL, '2023-05-31 09:40:43.685000', 140, '127.0.0.1', '本地测试', '查询菜单权限拥有者', '{"permissionId":"1530689602321518592"}', 'GET', '/zwz/permission/getUserByPermission', '管理员', 2, 'PERMISSION-01', 'PC端 | Chrome 113.0.0.0 | Windows Windows 10 or Windows Server 2016'),
	('1663722289725837314', NULL, '2023-05-31 09:41:19.072000', 0, NULL, '2023-05-31 09:41:19.072000', 94, '127.0.0.1', '本地测试', '查询菜单', '{}', 'GET', '/zwz/permission/getMenuList', '管理员', 2, 'PERMISSION-02', 'PC端 | Chrome 113.0.0.0 | Windows Windows 10 or Windows Server 2016'),
	('1663722291026071552', NULL, '2023-05-31 09:41:19.343000', 0, NULL, '2023-05-31 09:41:19.343000', 34, '127.0.0.1', '本地测试', '查询单个数据字典的值', '{}', 'GET', '/zwz/dictData/getByType/permission_type', '管理员', 2, 'DICT_DATA-01', 'PC端 | Chrome 113.0.0.0 | Windows Windows 10 or Windows Server 2016'),
	('1663722414946783232', NULL, '2023-05-31 09:41:48.926000', 0, NULL, '2023-05-31 09:41:48.926000', 94, '127.0.0.1', '本地测试', '登录系统', '{"username":"admin","password":"","code":"6025","captchaId":"4ed12e33e657463087424661bdd4c86b","saveLogin":"true"}', 'POST', '/zwz/login', 'admin', 1, '', 'PC端 | Chrome 113.0.0.0 | Windows Windows 10 or Windows Server 2016'),
	('1663722414946783235', NULL, '2023-05-31 09:41:48.942000', 0, NULL, '2023-05-31 09:41:48.942000', 94, '127.0.0.1', '本地测试', '获取当前登录用户', '{}', 'GET', '/zwz/user/info', 'admin', 2, 'USER-02', 'PC端 | Chrome 113.0.0.0 | Windows Windows 10 or Windows Server 2016'),
	('1663722415768866816', NULL, '2023-05-31 09:41:49.086000', 0, NULL, '2023-05-31 09:41:49.086000', 113, '127.0.0.1', '本地测试', '查询菜单', '{}', 'GET', '/zwz/permission/getMenuList', 'admin', 2, 'PERMISSION-02', 'PC端 | Chrome 113.0.0.0 | Windows Windows 10 or Windows Server 2016'),
	('1663722416666447895', NULL, '2023-05-31 09:41:49.305000', 0, NULL, '2023-05-31 09:41:49.305000', 47, '127.0.0.1', '本地测试', '查询个人门户菜单B', '{}', 'POST', '/zwz/myDoor/getMyDoorList6', 'admin', 2, 'MY-DOOR-02', 'PC端 | Chrome 113.0.0.0 | Windows Windows 10 or Windows Server 2016'),
	('1663722431740776462', NULL, '2023-05-31 09:41:52.905000', 0, NULL, '2023-05-31 09:41:52.905000', 53, '127.0.0.1', '本地测试', '查询单个数据字典的值', '{}', 'GET', '/zwz/dictData/getByType/permission_type', 'admin', 2, 'DICT_DATA-01', 'PC端 | Chrome 113.0.0.0 | Windows Windows 10 or Windows Server 2016'),
	('1663722431866605568', NULL, '2023-05-31 09:41:52.910000', 0, NULL, '2023-05-31 09:41:52.910000', 58, '127.0.0.1', '本地测试', '查询全部菜单', '{}', 'GET', '/zwz/permission/getAllList', 'admin', 2, 'PERMISSION-04', 'PC端 | Chrome 113.0.0.0 | Windows Windows 10 or Windows Server 2016'),
	('1663722441878409219', NULL, '2023-05-31 09:41:55.305000', 0, NULL, '2023-05-31 09:41:55.305000', 40, '127.0.0.1', '本地测试', '查询菜单权限拥有者', '{"permissionId":"5129710648430593"}', 'GET', '/zwz/permission/getUserByPermission', 'admin', 2, 'PERMISSION-01', 'PC端 | Chrome 113.0.0.0 | Windows Windows 10 or Windows Server 2016'),
	('1663722611194073088', NULL, '2023-05-31 09:42:35.742000', 0, NULL, '2023-05-31 09:42:35.742000', 112, '127.0.0.1', '本地测试', '查询单个数据字典的值', '{}', 'GET', '/zwz/dictData/getByType/permission_type', 'admin', 2, 'DICT_DATA-01', 'PC端 | Chrome 113.0.0.0 | Windows Windows 10 or Windows Server 2016'),
	('1663722638897451008', NULL, '2023-05-31 09:42:42.309000', 0, NULL, '2023-05-31 09:42:42.309000', 70, '127.0.0.1', '本地测试', '查询单个数据字典的值', '{}', 'GET', '/zwz/dictData/getByType/permission_type', 'admin', 2, 'DICT_DATA-01', 'PC端 | Chrome 113.0.0.0 | Windows Windows 10 or Windows Server 2016'),
	('1663722714512363531', NULL, '2023-05-31 09:43:00.350000', 0, NULL, '2023-05-31 09:43:00.350000', 76, '127.0.0.1', '本地测试', '查询单个数据字典的值', '{}', 'GET', '/zwz/dictData/getByType/permission_type', 'admin', 2, 'DICT_DATA-01', 'PC端 | Chrome 113.0.0.0 | Windows Windows 10 or Windows Server 2016'),
	('1663722747391512577', NULL, '2023-05-31 09:43:08.186000', 0, NULL, '2023-05-31 09:43:08.186000', 68, '127.0.0.1', '本地测试', '查询菜单权限拥有者', '{"permissionId":"1464484663442673664"}', 'GET', '/zwz/permission/getUserByPermission', 'admin', 2, 'PERMISSION-01', 'PC端 | Chrome 113.0.0.0 | Windows Windows 10 or Windows Server 2016'),
	('1663723238833917954', NULL, '2023-05-31 09:45:05.373000', 0, NULL, '2023-05-31 09:45:05.373000', 98, '127.0.0.1', '本地测试', '查询单个数据字典的值', '{}', 'GET', '/zwz/dictData/getByType/permission_type', 'admin', 2, 'DICT_DATA-01', 'PC端 | Chrome 113.0.0.0 | Windows Windows 10 or Windows Server 2016'),
	('1663723254378008581', NULL, '2023-05-31 09:45:09.031000', 0, NULL, '2023-05-31 09:45:09.031000', 47, '127.0.0.1', '本地测试', '查询菜单权限拥有者', '{"permissionId":"5129710648430593"}', 'GET', '/zwz/permission/getUserByPermission', 'admin', 2, 'PERMISSION-01', 'PC端 | Chrome 113.0.0.0 | Windows Windows 10 or Windows Server 2016'),
	('1663723263479648261', NULL, '2023-05-31 09:45:11.190000', 0, NULL, '2023-05-31 09:45:11.190000', 36, '127.0.0.1', '本地测试', '查询菜单权限拥有者', '{"permissionId":"1464484663442673664"}', 'GET', '/zwz/permission/getUserByPermission', 'admin', 2, 'PERMISSION-01', 'PC端 | Chrome 113.0.0.0 | Windows Windows 10 or Windows Server 2016'),
	('1663723364973416459', NULL, '2023-05-31 09:45:35.416000', 0, NULL, '2023-05-31 09:45:35.416000', 49, '127.0.0.1', '本地测试', '查询单个数据字典的值', '{}', 'GET', '/zwz/dictData/getByType/permission_type', 'admin', 2, 'DICT_DATA-01', 'PC端 | Chrome 113.0.0.0 | Windows Windows 10 or Windows Server 2016'),
	('1663723381511557125', NULL, '2023-05-31 09:45:39.326000', 0, NULL, '2023-05-31 09:45:39.326000', 31, '127.0.0.1', '本地测试', '查询菜单权限拥有者', '{"permissionId":"1464484663442673664"}', 'GET', '/zwz/permission/getUserByPermission', 'admin', 2, 'PERMISSION-01', 'PC端 | Chrome 113.0.0.0 | Windows Windows 10 or Windows Server 2016'),
	('1663723383352856577', NULL, '2023-05-31 09:45:39.749000', 0, NULL, '2023-05-31 09:45:39.749000', 31, '127.0.0.1', '本地测试', '查询菜单权限拥有者', '{"permissionId":"5129710648430593"}', 'GET', '/zwz/permission/getUserByPermission', 'admin', 2, 'PERMISSION-01', 'PC端 | Chrome 113.0.0.0 | Windows Windows 10 or Windows Server 2016'),
	('1663723433185382402', NULL, '2023-05-31 09:45:51.680000', 0, NULL, '2023-05-31 09:45:51.680000', 68, '127.0.0.1', '本地测试', '查询单个数据字典的值', '{}', 'GET', '/zwz/dictData/getByType/permission_type', 'admin', 2, 'DICT_DATA-01', 'PC端 | Chrome 113.0.0.0 | Windows Windows 10 or Windows Server 2016'),
	('1663723439489421317', NULL, '2023-05-31 09:45:53.149000', 0, NULL, '2023-05-31 09:45:53.149000', 31, '127.0.0.1', '本地测试', '查询菜单权限拥有者', '{"permissionId":"5129710648430593"}', 'GET', '/zwz/permission/getUserByPermission', 'admin', 2, 'PERMISSION-01', 'PC端 | Chrome 113.0.0.0 | Windows Windows 10 or Windows Server 2016'),
	('1663723468010688512', NULL, '2023-05-31 09:45:59.972000', 0, NULL, '2023-05-31 09:45:59.972000', 55, '127.0.0.1', '本地测试', '添加菜单', '{"icon":"","type":"1","parentId":"5129710648430593","level":"3","sortOrder":"1","buttonType":"add","status":"0","path":"无","title":"添加用户","name":"","component":""}', 'POST', '/zwz/permission/add', 'admin', 2, 'PERMISSION-06', 'PC端 | Chrome 113.0.0.0 | Windows Windows 10 or Windows Server 2016'),
	('1663723469667438608', NULL, '2023-05-31 09:46:00.350000', 0, NULL, '2023-05-31 09:46:00.350000', 20, '127.0.0.1', '本地测试', '查询单个数据字典的值', '{}', 'GET', '/zwz/dictData/getByType/permission_type', 'admin', 2, 'DICT_DATA-01', 'PC端 | Chrome 113.0.0.0 | Windows Windows 10 or Windows Server 2016'),
	('1663723469667438617', NULL, '2023-05-31 09:46:00.371000', 0, NULL, '2023-05-31 09:46:00.371000', 58, '127.0.0.1', '本地测试', '查询菜单', '{}', 'GET', '/zwz/permission/getMenuList', 'admin', 2, 'PERMISSION-02', 'PC端 | Chrome 113.0.0.0 | Windows Windows 10 or Windows Server 2016'),
	('1663723469751324681', NULL, '2023-05-31 09:46:00.398000', 0, NULL, '2023-05-31 09:46:00.398000', 83, '127.0.0.1', '本地测试', '查询全部菜单', '{}', 'GET', '/zwz/permission/getAllList', 'admin', 2, 'PERMISSION-04', 'PC端 | Chrome 113.0.0.0 | Windows Windows 10 or Windows Server 2016'),
	('1663723475614961664', NULL, '2023-05-31 09:46:01.752000', 0, NULL, '2023-05-31 09:46:01.752000', 27, '127.0.0.1', '本地测试', '查询菜单权限拥有者', '{"permissionId":"5129710648430593"}', 'GET', '/zwz/permission/getUserByPermission', 'admin', 2, 'PERMISSION-01', 'PC端 | Chrome 113.0.0.0 | Windows Windows 10 or Windows Server 2016'),
	('1663723511857942528', NULL, '2023-05-31 09:46:10.431000', 0, NULL, '2023-05-31 09:46:10.431000', 48, '127.0.0.1', '本地测试', '添加菜单', '{"icon":"","type":"1","parentId":"5129710648430593","level":"3","sortOrder":"2","buttonType":"edit","status":"0","path":"无","title":"编辑用户","name":"","component":""}', 'POST', '/zwz/permission/add', 'admin', 2, 'PERMISSION-06', 'PC端 | Chrome 113.0.0.0 | Windows Windows 10 or Windows Server 2016'),
	('1663723512948461570', NULL, '2023-05-31 09:46:10.652000', 0, NULL, '2023-05-31 09:46:10.652000', 20, '127.0.0.1', '本地测试', '查询菜单', '{}', 'GET', '/zwz/permission/getMenuList', 'admin', 2, 'PERMISSION-02', 'PC端 | Chrome 113.0.0.0 | Windows Windows 10 or Windows Server 2016'),
	('1663723513514692609', NULL, '2023-05-31 09:46:10.790000', 0, NULL, '2023-05-31 09:46:10.790000', 26, '127.0.0.1', '本地测试', '查询单个数据字典的值', '{}', 'GET', '/zwz/dictData/getByType/permission_type', 'admin', 2, 'DICT_DATA-01', 'PC端 | Chrome 113.0.0.0 | Windows Windows 10 or Windows Server 2016'),
	('1663723513640521728', NULL, '2023-05-31 09:46:10.822000', 0, NULL, '2023-05-31 09:46:10.822000', 58, '127.0.0.1', '本地测试', '查询全部菜单', '{}', 'GET', '/zwz/permission/getAllList', 'admin', 2, 'PERMISSION-04', 'PC端 | Chrome 113.0.0.0 | Windows Windows 10 or Windows Server 2016'),
	('1663723538646962176', NULL, '2023-05-31 09:46:16.812000', 0, NULL, '2023-05-31 09:46:16.812000', 58, '127.0.0.1', '本地测试', '添加菜单', '{"icon":"","type":"1","parentId":"5129710648430593","level":"3","sortOrder":"3","buttonType":"delete","status":"0","path":"无","title":"删除用户","name":"","component":""}', 'POST', '/zwz/permission/add', 'admin', 2, 'PERMISSION-06', 'PC端 | Chrome 113.0.0.0 | Windows Windows 10 or Windows Server 2016'),
	('1663723540215631890', NULL, '2023-05-31 09:46:17.153000', 0, NULL, '2023-05-31 09:46:17.153000', 20, '127.0.0.1', '本地测试', '查询单个数据字典的值', '{}', 'GET', '/zwz/dictData/getByType/permission_type', 'admin', 2, 'DICT_DATA-01', 'PC端 | Chrome 113.0.0.0 | Windows Windows 10 or Windows Server 2016'),
	('1663723540215631897', NULL, '2023-05-31 09:46:17.193000', 0, NULL, '2023-05-31 09:46:17.193000', 60, '127.0.0.1', '本地测试', '查询菜单', '{}', 'GET', '/zwz/permission/getMenuList', 'admin', 2, 'PERMISSION-02', 'PC端 | Chrome 113.0.0.0 | Windows Windows 10 or Windows Server 2016'),
	('1663723540299517961', NULL, '2023-05-31 09:46:17.188000', 0, NULL, '2023-05-31 09:46:17.188000', 55, '127.0.0.1', '本地测试', '查询全部菜单', '{}', 'GET', '/zwz/permission/getAllList', 'admin', 2, 'PERMISSION-04', 'PC端 | Chrome 113.0.0.0 | Windows Windows 10 or Windows Server 2016'),
	('1663723877039214614', NULL, '2023-05-31 09:47:37.533000', 0, NULL, '2023-05-31 09:47:37.533000', 111, '127.0.0.1', '本地测试', '查询角色', '{"pageNumber":"1","pageSize":"15","sort":"createTime","order":"desc"}', 'GET', '/zwz/role/getAllByPage', 'admin', 2, 'ROLE-02', 'PC端 | Chrome 113.0.0.0 | Windows Windows 10 or Windows Server 2016'),
	('1663723894877589504', NULL, '2023-05-31 09:47:41.722000', 0, NULL, '2023-05-31 09:47:41.722000', 64, '127.0.0.1', '本地测试', '修改菜单权限', '{"roleId":"1536606659751841799","permIds":"125909152017944576,1464484663442673664,5129710648430593,1663723467998105600,1663723511849553920,1663723538621796352,40238597734928384,5129710648430594,5129710648430595,56309618086776832,41363147411427328,1530689602321518592,1535166438371889152,1536599942410407936,1536600125332393984,1536600268379131904,1536604417711804416,1536606273959759872,1536606372668510208,1536606464712511488,1536606550951596032,1536606637815631872,1536875505901506560"}', 'POST', '/zwz/role/editRolePerm', 'admin', 2, 'ROLE-04', 'PC端 | Chrome 113.0.0.0 | Windows Windows 10 or Windows Server 2016'),
	('1663723895884222464', NULL, '2023-05-31 09:47:41.951000', 0, NULL, '2023-05-31 09:47:41.951000', 59, '127.0.0.1', '本地测试', '查询菜单', '{}', 'GET', '/zwz/permission/getMenuList', 'admin', 2, 'PERMISSION-02', 'PC端 | Chrome 113.0.0.0 | Windows Windows 10 or Windows Server 2016'),
	('1663723896471425024', NULL, '2023-05-31 09:47:42.096000', 0, NULL, '2023-05-31 09:47:42.096000', 31, '127.0.0.1', '本地测试', '查询角色', '{"pageNumber":"1","pageSize":"15","sort":"createTime","order":"desc"}', 'GET', '/zwz/role/getAllByPage', 'admin', 2, 'ROLE-02', 'PC端 | Chrome 113.0.0.0 | Windows Windows 10 or Windows Server 2016'),
	('1663723905631784960', NULL, '2023-05-31 09:47:44.282000', 0, NULL, '2023-05-31 09:47:44.282000', 29, '127.0.0.1', '本地测试', '查询菜单', '{}', 'GET', '/zwz/permission/getMenuList', 'admin', 2, 'PERMISSION-02', 'PC端 | Chrome 113.0.0.0 | Windows Windows 10 or Windows Server 2016'),
	('1663723906281902080', NULL, '2023-05-31 09:47:44.436000', 0, NULL, '2023-05-31 09:47:44.436000', 36, '127.0.0.1', '本地测试', '查询角色', '{"pageNumber":"1","pageSize":"15","sort":"createTime","order":"desc"}', 'GET', '/zwz/role/getAllByPage', 'admin', 2, 'ROLE-02', 'PC端 | Chrome 113.0.0.0 | Windows Windows 10 or Windows Server 2016'),
	('1663723975857016832', NULL, '2023-05-31 09:48:01.062000', 0, NULL, '2023-05-31 09:48:01.062000', 72, '127.0.0.1', '本地测试', '查询角色', '{"pageNumber":"1","pageSize":"15","sort":"createTime","order":"desc"}', 'GET', '/zwz/role/getAllByPage', 'admin', 2, 'ROLE-02', 'PC端 | Chrome 113.0.0.0 | Windows Windows 10 or Windows Server 2016'),
	('1663723989278789634', NULL, '2023-05-31 09:48:04.229000', 0, NULL, '2023-05-31 09:48:04.229000', 31, '127.0.0.1', '本地测试', '查看单个配置', '{"id":"FILE_PATH"}', 'GET', '/zwz/setting/getOne', 'admin', 2, 'SETTING-01', 'PC端 | Chrome 113.0.0.0 | Windows Windows 10 or Windows Server 2016'),
	('1663723989341704196', NULL, '2023-05-31 09:48:04.276000', 0, NULL, '2023-05-31 09:48:04.276000', 78, '127.0.0.1', '本地测试', '查询系统文件', '{"name":"","fkey":"","type":"","pageNumber":"1","pageSize":"15","sort":"createTime","order":"desc","startDate":"","endDate":""}', 'GET', '/zwz/file/getByCondition', 'admin', 2, 'FILE-01', 'PC端 | Chrome 113.0.0.0 | Windows Windows 10 or Windows Server 2016'),
	('1663723989933101057', NULL, '2023-05-31 09:48:04.385000', 0, NULL, '2023-05-31 09:48:04.385000', 16, '127.0.0.1', '本地测试', '查看单个配置', '{"id":"FILE_HTTP"}', 'GET', '/zwz/setting/getOne', 'admin', 2, 'SETTING-01', 'PC端 | Chrome 113.0.0.0 | Windows Windows 10 or Windows Server 2016'),
	('1663723990524497921', NULL, '2023-05-31 09:48:04.535000', 0, NULL, '2023-05-31 09:48:04.535000', 31, '127.0.0.1', '本地测试', '查看单个配置', '{"id":"FILE_VIEW"}', 'GET', '/zwz/setting/getOne', 'admin', 2, 'SETTING-01', 'PC端 | Chrome 113.0.0.0 | Windows Windows 10 or Windows Server 2016'),
	('1663724006899060736', NULL, '2023-05-31 09:48:08.432000', 0, NULL, '2023-05-31 09:48:08.432000', 43, '127.0.0.1', '本地测试', '查询子部门', '{}', 'GET', '/zwz/department/getByParentId', 'admin', 2, 'DEP-01', 'PC端 | Chrome 113.0.0.0 | Windows Windows 10 or Windows Server 2016'),
	('1663724008174129152', NULL, '2023-05-31 09:48:08.731000', 0, NULL, '2023-05-31 09:48:08.731000', 32, '127.0.0.1', '本地测试', '查询用户', '{"pageNumber":"1","pageSize":"10","sort":"createTime","order":"desc","departmentId":""}', 'GET', '/zwz/myUser/getByPage', 'admin', 2, 'USER-01', 'PC端 | Chrome 113.0.0.0 | Windows Windows 10 or Windows Server 2016'),
	('1663724008367067139', NULL, '2023-05-31 09:48:08.775000', 0, NULL, '2023-05-31 09:48:08.775000', 29, '127.0.0.1', '本地测试', '查询子部门', '{}', 'GET', '/zwz/department/getByParentId', 'admin', 2, 'DEP-01', 'PC端 | Chrome 113.0.0.0 | Windows Windows 10 or Windows Server 2016'),
	('1663724015048593412', NULL, '2023-05-31 09:48:10.373000', 0, NULL, '2023-05-31 09:48:10.373000', 20, '127.0.0.1', '本地测试', '查询全部角色', '{}', 'GET', '/zwz/role/getAllList', 'admin', 2, 'ROLE-01', 'PC端 | Chrome 113.0.0.0 | Windows Windows 10 or Windows Server 2016'),
	('1663724015048593416', NULL, '2023-05-31 09:48:10.432000', 0, NULL, '2023-05-31 09:48:10.432000', 90, '127.0.0.1', '本地测试', '查询子部门', '{}', 'GET', '/zwz/department/getByParentId', 'admin', 2, 'DEP-01', 'PC端 | Chrome 113.0.0.0 | Windows Windows 10 or Windows Server 2016'),
	('1663724015048593420', NULL, '2023-05-31 09:48:10.412000', 0, NULL, '2023-05-31 09:48:10.412000', 71, '127.0.0.1', '本地测试', '查询单个数据字典的值', '{}', 'GET', '/zwz/dictData/getByType/sex', 'admin', 2, 'DICT_DATA-01', 'PC端 | Chrome 113.0.0.0 | Windows Windows 10 or Windows Server 2016'),
	('1663724015128285186', NULL, '2023-05-31 09:48:10.432000', 0, NULL, '2023-05-31 09:48:10.432000', 90, '127.0.0.1', '本地测试', '查询用户', '{"nickname":"","departmentId":"","pageNumber":"1","pageSize":"20","sort":"createTime","order":"desc"}', 'GET', '/zwz/user/getUserList', 'admin', 2, 'USER-07', 'PC端 | Chrome 113.0.0.0 | Windows Windows 10 or Windows Server 2016'),
	('1663724016747286528', NULL, '2023-05-31 09:48:10.787000', 0, NULL, '2023-05-31 09:48:10.787000', 46, '127.0.0.1', '本地测试', '查询子部门', '{}', 'GET', '/zwz/department/getByParentId', 'admin', 2, 'DEP-01', 'PC端 | Chrome 113.0.0.0 | Windows Windows 10 or Windows Server 2016'),
	('1663724032962465792', NULL, '2023-05-31 09:48:14.651000', 0, NULL, '2023-05-31 09:48:14.651000', 51, '127.0.0.1', '本地测试', '查询角色', '{"pageNumber":"1","pageSize":"15","sort":"createTime","order":"desc"}', 'GET', '/zwz/role/getAllByPage', 'admin', 2, 'ROLE-02', 'PC端 | Chrome 113.0.0.0 | Windows Windows 10 or Windows Server 2016'),
	('1663724034602438656', NULL, '2023-05-31 09:48:15.040000', 0, NULL, '2023-05-31 09:48:15.040000', 38, '127.0.0.1', '本地测试', '查询单个数据字典的值', '{}', 'GET', '/zwz/dictData/getByType/permission_type', 'admin', 2, 'DICT_DATA-01', 'PC端 | Chrome 113.0.0.0 | Windows Windows 10 or Windows Server 2016'),
	('1663724060896530436', NULL, '2023-05-31 09:48:21.368000', 0, NULL, '2023-05-31 09:48:21.368000', 81, '127.0.0.1', '本地测试', '查询菜单权限拥有者', '{"permissionId":"1663723467998105600"}', 'GET', '/zwz/permission/getUserByPermission', 'admin', 2, 'PERMISSION-01', 'PC端 | Chrome 113.0.0.0 | Windows Windows 10 or Windows Server 2016'),
	('1663724069318692869', NULL, '2023-05-31 09:48:23.312000', 0, NULL, '2023-05-31 09:48:23.312000', 31, '127.0.0.1', '本地测试', '查询菜单权限拥有者', '{"permissionId":"5129710648430593"}', 'GET', '/zwz/permission/getUserByPermission', 'admin', 2, 'PERMISSION-01', 'PC端 | Chrome 113.0.0.0 | Windows Windows 10 or Windows Server 2016'),
	('1663724078671990789', NULL, '2023-05-31 09:48:25.551000', 0, NULL, '2023-05-31 09:48:25.551000', 40, '127.0.0.1', '本地测试', '查询菜单权限拥有者', '{"permissionId":"40238597734928384"}', 'GET', '/zwz/permission/getUserByPermission', 'admin', 2, 'PERMISSION-01', 'PC端 | Chrome 113.0.0.0 | Windows Windows 10 or Windows Server 2016'),
	('1663724125681750016', NULL, '2023-05-31 09:48:36.811000', 0, NULL, '2023-05-31 09:48:36.811000', 94, '127.0.0.1', '本地测试', '添加菜单', '{"icon":"","type":"1","parentId":"40238597734928384","level":"3","sortOrder":"1","buttonType":"add","status":"0","path":"无","title":"添加部门","name":"","component":""}', 'POST', '/zwz/permission/add', 'admin', 2, 'PERMISSION-06', 'PC端 | Chrome 113.0.0.0 | Windows Windows 10 or Windows Server 2016'),
	('1663724127510466573', NULL, '2023-05-31 09:48:37.193000', 0, NULL, '2023-05-31 09:48:37.193000', 41, '127.0.0.1', '本地测试', '查询单个数据字典的值', '{}', 'GET', '/zwz/dictData/getByType/permission_type', 'admin', 2, 'DICT_DATA-01', 'PC端 | Chrome 113.0.0.0 | Windows Windows 10 or Windows Server 2016'),
	('1663724127510466581', NULL, '2023-05-31 09:48:37.234000', 0, NULL, '2023-05-31 09:48:37.234000', 81, '127.0.0.1', '本地测试', '查询菜单', '{}', 'GET', '/zwz/permission/getMenuList', 'admin', 2, 'PERMISSION-02', 'PC端 | Chrome 113.0.0.0 | Windows Windows 10 or Windows Server 2016'),
	('1663724127581769728', NULL, '2023-05-31 09:48:37.246000', 0, NULL, '2023-05-31 09:48:37.246000', 94, '127.0.0.1', '本地测试', '查询全部菜单', '{}', 'GET', '/zwz/permission/getAllList', 'admin', 2, 'PERMISSION-04', 'PC端 | Chrome 113.0.0.0 | Windows Windows 10 or Windows Server 2016'),
	('1663724149740277760', NULL, '2023-05-31 09:48:42.554000', 0, NULL, '2023-05-31 09:48:42.554000', 99, '127.0.0.1', '本地测试', '添加菜单', '{"icon":"","type":"1","parentId":"40238597734928384","level":"3","sortOrder":"2","buttonType":"edit","status":"0","path":"无","title":"编辑部门","name":"","component":""}', 'POST', '/zwz/permission/add', 'admin', 2, 'PERMISSION-06', 'PC端 | Chrome 113.0.0.0 | Windows Windows 10 or Windows Server 2016'),
	('1663724151581577234', NULL, '2023-05-31 09:48:42.933000', 0, NULL, '2023-05-31 09:48:42.933000', 39, '127.0.0.1', '本地测试', '查询单个数据字典的值', '{}', 'GET', '/zwz/dictData/getByType/permission_type', 'admin', 2, 'DICT_DATA-01', 'PC端 | Chrome 113.0.0.0 | Windows Windows 10 or Windows Server 2016'),
	('1663724151581577241', NULL, '2023-05-31 09:48:42.995000', 0, NULL, '2023-05-31 09:48:42.995000', 98, '127.0.0.1', '本地测试', '查询菜单', '{}', 'GET', '/zwz/permission/getMenuList', 'admin', 2, 'PERMISSION-02', 'PC端 | Chrome 113.0.0.0 | Windows Windows 10 or Windows Server 2016'),
	('1663724151661268992', NULL, '2023-05-31 09:48:42.976000', 0, NULL, '2023-05-31 09:48:42.976000', 82, '127.0.0.1', '本地测试', '查询全部菜单', '{}', 'GET', '/zwz/permission/getAllList', 'admin', 2, 'PERMISSION-04', 'PC端 | Chrome 113.0.0.0 | Windows Windows 10 or Windows Server 2016'),
	('1663724174402785280', NULL, '2023-05-31 09:48:48.415000', 0, NULL, '2023-05-31 09:48:48.415000', 80, '127.0.0.1', '本地测试', '添加菜单', '{"icon":"","type":"1","parentId":"40238597734928384","level":"3","sortOrder":"3","buttonType":"delete","status":"0","path":"无","title":"删除部门","name":"","component":""}', 'POST', '/zwz/permission/add', 'admin', 2, 'PERMISSION-06', 'PC端 | Chrome 113.0.0.0 | Windows Windows 10 or Windows Server 2016'),
	('1663724176189558784', NULL, '2023-05-31 09:48:48.792000', 0, NULL, '2023-05-31 09:48:48.792000', 35, '127.0.0.1', '本地测试', '查询单个数据字典的值', '{}', 'GET', '/zwz/dictData/getByType/permission_type', 'admin', 2, 'DICT_DATA-01', 'PC端 | Chrome 113.0.0.0 | Windows Windows 10 or Windows Server 2016'),
	('1663724176193753092', NULL, '2023-05-31 09:48:48.812000', 0, NULL, '2023-05-31 09:48:48.812000', 55, '127.0.0.1', '本地测试', '查询菜单', '{}', 'GET', '/zwz/permission/getMenuList', 'admin', 2, 'PERMISSION-02', 'PC端 | Chrome 113.0.0.0 | Windows Windows 10 or Windows Server 2016'),
	('1663724176235696137', NULL, '2023-05-31 09:48:48.855000', 0, NULL, '2023-05-31 09:48:48.855000', 98, '127.0.0.1', '本地测试', '查询全部菜单', '{}', 'GET', '/zwz/permission/getAllList', 'admin', 2, 'PERMISSION-04', 'PC端 | Chrome 113.0.0.0 | Windows Windows 10 or Windows Server 2016'),
	('1663724201527349253', NULL, '2023-05-31 09:48:54.872000', 0, NULL, '2023-05-31 09:48:54.872000', 70, '127.0.0.1', '本地测试', '查询菜单权限拥有者', '{"permissionId":"5129710648430594"}', 'GET', '/zwz/permission/getUserByPermission', 'admin', 2, 'PERMISSION-01', 'PC端 | Chrome 113.0.0.0 | Windows Windows 10 or Windows Server 2016'),
	('1663724230598070272', NULL, '2023-05-31 09:49:01.813000', 0, NULL, '2023-05-31 09:49:01.813000', 80, '127.0.0.1', '本地测试', '添加菜单', '{"icon":"","type":"1","parentId":"5129710648430594","level":"3","sortOrder":"1","buttonType":"add","status":"0","path":"无","title":"添加角色","name":"","component":""}', 'POST', '/zwz/permission/add', 'admin', 2, 'PERMISSION-06', 'PC端 | Chrome 113.0.0.0 | Windows Windows 10 or Windows Server 2016'),
	('1663724231684395010', NULL, '2023-05-31 09:49:02.037000', 0, NULL, '2023-05-31 09:49:02.037000', 45, '127.0.0.1', '本地测试', '查询菜单', '{}', 'GET', '/zwz/permission/getMenuList', 'admin', 2, 'PERMISSION-02', 'PC端 | Chrome 113.0.0.0 | Windows Windows 10 or Windows Server 2016'),
	('1663724232393232384', NULL, '2023-05-31 09:49:02.202000', 0, NULL, '2023-05-31 09:49:02.202000', 46, '127.0.0.1', '本地测试', '查询单个数据字典的值', '{}', 'GET', '/zwz/dictData/getByType/permission_type', 'admin', 2, 'DICT_DATA-01', 'PC端 | Chrome 113.0.0.0 | Windows Windows 10 or Windows Server 2016'),
	('1663724232506478592', NULL, '2023-05-31 09:49:02.264000', 0, NULL, '2023-05-31 09:49:02.264000', 108, '127.0.0.1', '本地测试', '查询全部菜单', '{}', 'GET', '/zwz/permission/getAllList', 'admin', 2, 'PERMISSION-04', 'PC端 | Chrome 113.0.0.0 | Windows Windows 10 or Windows Server 2016'),
	('1663724255348658176', NULL, '2023-05-31 09:49:07.710000', 0, NULL, '2023-05-31 09:49:07.710000', 66, '127.0.0.1', '本地测试', '添加菜单', '{"icon":"","type":"1","parentId":"5129710648430594","level":"3","sortOrder":"2","buttonType":"edit","status":"0","path":"无","title":"编辑角色","name":"","component":""}', 'POST', '/zwz/permission/add', 'admin', 2, 'PERMISSION-06', 'PC端 | Chrome 113.0.0.0 | Windows Windows 10 or Windows Server 2016'),
	('1663724257110265869', NULL, '2023-05-31 09:49:08.093000', 0, NULL, '2023-05-31 09:49:08.093000', 40, '127.0.0.1', '本地测试', '查询单个数据字典的值', '{}', 'GET', '/zwz/dictData/getByType/permission_type', 'admin', 2, 'DICT_DATA-01', 'PC端 | Chrome 113.0.0.0 | Windows Windows 10 or Windows Server 2016'),
	('1663724257110265877', NULL, '2023-05-31 09:49:08.134000', 0, NULL, '2023-05-31 09:49:08.134000', 83, '127.0.0.1', '本地测试', '查询菜单', '{}', 'GET', '/zwz/permission/getMenuList', 'admin', 2, 'PERMISSION-02', 'PC端 | Chrome 113.0.0.0 | Windows Windows 10 or Windows Server 2016'),
	('1663724257185763328', NULL, '2023-05-31 09:49:08.154000', 0, NULL, '2023-05-31 09:49:08.154000', 101, '127.0.0.1', '本地测试', '查询全部菜单', '{}', 'GET', '/zwz/permission/getAllList', 'admin', 2, 'PERMISSION-04', 'PC端 | Chrome 113.0.0.0 | Windows Windows 10 or Windows Server 2016'),
	('1663724279591735296', NULL, '2023-05-31 09:49:13.492000', 0, NULL, '2023-05-31 09:49:13.492000', 79, '127.0.0.1', '本地测试', '添加菜单', '{"icon":"","type":"1","parentId":"5129710648430594","level":"3","sortOrder":"3","buttonType":"delete","status":"0","path":"无","title":"删除角色","name":"","component":""}', 'POST', '/zwz/permission/add', 'admin', 2, 'PERMISSION-06', 'PC端 | Chrome 113.0.0.0 | Windows Windows 10 or Windows Server 2016'),
	('1663724281349148688', NULL, '2023-05-31 09:49:13.872000', 0, NULL, '2023-05-31 09:49:13.872000', 39, '127.0.0.1', '本地测试', '查询单个数据字典的值', '{}', 'GET', '/zwz/dictData/getByType/permission_type', 'admin', 2, 'DICT_DATA-01', 'PC端 | Chrome 113.0.0.0 | Windows Windows 10 or Windows Server 2016'),
	('1663724281349148697', NULL, '2023-05-31 09:49:13.908000', 0, NULL, '2023-05-31 09:49:13.908000', 75, '127.0.0.1', '本地测试', '查询菜单', '{}', 'GET', '/zwz/permission/getMenuList', 'admin', 2, 'PERMISSION-02', 'PC端 | Chrome 113.0.0.0 | Windows Windows 10 or Windows Server 2016'),
	('1663724281428840455', NULL, '2023-05-31 09:49:13.931000', 0, NULL, '2023-05-31 09:49:13.931000', 96, '127.0.0.1', '本地测试', '查询全部菜单', '{}', 'GET', '/zwz/permission/getAllList', 'admin', 2, 'PERMISSION-04', 'PC端 | Chrome 113.0.0.0 | Windows Windows 10 or Windows Server 2016'),
	('1663724286134849537', NULL, '2023-05-31 09:49:14.992000', 0, NULL, '2023-05-31 09:49:14.992000', 23, '127.0.0.1', '本地测试', '查询菜单权限拥有者', '{"permissionId":"5129710648430595"}', 'GET', '/zwz/permission/getUserByPermission', 'admin', 2, 'PERMISSION-01', 'PC端 | Chrome 113.0.0.0 | Windows Windows 10 or Windows Server 2016'),
	('1663724293940449285', NULL, '2023-05-31 09:49:16.874000', 0, NULL, '2023-05-31 09:49:16.874000', 39, '127.0.0.1', '本地测试', '查询菜单权限拥有者', '{"permissionId":"5129710648430594"}', 'GET', '/zwz/permission/getUserByPermission', 'admin', 2, 'PERMISSION-01', 'PC端 | Chrome 113.0.0.0 | Windows Windows 10 or Windows Server 2016'),
	('1663724334776193024', NULL, '2023-05-31 09:49:26.633000', 0, NULL, '2023-05-31 09:49:26.633000', 66, '127.0.0.1', '本地测试', '添加菜单', '{"icon":"","type":"1","parentId":"5129710648430594","level":"3","sortOrder":"4","buttonType":"enable","status":"0","path":"无","title":"分配角色权限","name":"","component":""}', 'POST', '/zwz/permission/add', 'admin', 2, 'PERMISSION-06', 'PC端 | Chrome 113.0.0.0 | Windows Windows 10 or Windows Server 2016'),
	('1663724336491663361', NULL, '2023-05-31 09:49:27.014000', 0, NULL, '2023-05-31 09:49:27.014000', 35, '127.0.0.1', '本地测试', '查询单个数据字典的值', '{}', 'GET', '/zwz/dictData/getByType/permission_type', 'admin', 2, 'DICT_DATA-01', 'PC端 | Chrome 113.0.0.0 | Windows Windows 10 or Windows Server 2016'),
	('1663724336495857667', NULL, '2023-05-31 09:49:27.054000', 0, NULL, '2023-05-31 09:49:27.054000', 77, '127.0.0.1', '本地测试', '查询菜单', '{}', 'GET', '/zwz/permission/getMenuList', 'admin', 2, 'PERMISSION-02', 'PC端 | Chrome 113.0.0.0 | Windows Windows 10 or Windows Server 2016'),
	('1663724336558772224', NULL, '2023-05-31 09:49:27.083000', 0, NULL, '2023-05-31 09:49:27.083000', 105, '127.0.0.1', '本地测试', '查询全部菜单', '{}', 'GET', '/zwz/permission/getAllList', 'admin', 2, 'PERMISSION-04', 'PC端 | Chrome 113.0.0.0 | Windows Windows 10 or Windows Server 2016'),
	('1663724340371394565', NULL, '2023-05-31 09:49:27.933000', 0, NULL, '2023-05-31 09:49:27.933000', 28, '127.0.0.1', '本地测试', '查询菜单权限拥有者', '{"permissionId":"5129710648430595"}', 'GET', '/zwz/permission/getUserByPermission', 'admin', 2, 'PERMISSION-01', 'PC端 | Chrome 113.0.0.0 | Windows Windows 10 or Windows Server 2016'),
	('1663724386382909441', NULL, '2023-05-31 09:49:38.973000', 0, NULL, '2023-05-31 09:49:38.973000', 98, '127.0.0.1', '本地测试', '添加菜单', '{"icon":"","type":"1","parentId":"5129710648430595","level":"3","sortOrder":"1","buttonType":"add","status":"0","path":"无","title":"添加菜单","name":"","component":""}', 'POST', '/zwz/permission/add', 'admin', 2, 'PERMISSION-06', 'PC端 | Chrome 113.0.0.0 | Windows Windows 10 or Windows Server 2016'),
	('1663724387465039874', NULL, '2023-05-31 09:49:39.173000', 0, NULL, '2023-05-31 09:49:39.173000', 40, '127.0.0.1', '本地测试', '查询菜单', '{}', 'GET', '/zwz/permission/getMenuList', 'admin', 2, 'PERMISSION-02', 'PC端 | Chrome 113.0.0.0 | Windows Windows 10 or Windows Server 2016'),
	('1663724388199043075', NULL, '2023-05-31 09:49:39.348000', 0, NULL, '2023-05-31 09:49:39.348000', 43, '127.0.0.1', '本地测试', '查询单个数据字典的值', '{}', 'GET', '/zwz/dictData/getByType/permission_type', 'admin', 2, 'DICT_DATA-01', 'PC端 | Chrome 113.0.0.0 | Windows Windows 10 or Windows Server 2016'),
	('1663724388287123456', NULL, '2023-05-31 09:49:39.416000', 0, NULL, '2023-05-31 09:49:39.416000', 110, '127.0.0.1', '本地测试', '查询全部菜单', '{}', 'GET', '/zwz/permission/getAllList', 'admin', 2, 'PERMISSION-04', 'PC端 | Chrome 113.0.0.0 | Windows Windows 10 or Windows Server 2016'),
	('1663724413931098112', NULL, '2023-05-31 09:49:45.493000', 0, NULL, '2023-05-31 09:49:45.493000', 53, '127.0.0.1', '本地测试', '添加菜单', '{"icon":"","type":"1","parentId":"5129710648430595","level":"3","sortOrder":"2","buttonType":"edit","status":"0","path":"无","title":"编辑菜单","name":"","component":""}', 'POST', '/zwz/permission/add', 'admin', 2, 'PERMISSION-06', 'PC端 | Chrome 113.0.0.0 | Windows Windows 10 or Windows Server 2016'),
	('1663724415566876677', NULL, '2023-05-31 09:49:45.854000', 0, NULL, '2023-05-31 09:49:45.854000', 25, '127.0.0.1', '本地测试', '查询单个数据字典的值', '{}', 'GET', '/zwz/dictData/getByType/permission_type', 'admin', 2, 'DICT_DATA-01', 'PC端 | Chrome 113.0.0.0 | Windows Windows 10 or Windows Server 2016'),
	('1663724415571070976', NULL, '2023-05-31 09:49:45.893000', 0, NULL, '2023-05-31 09:49:45.893000', 64, '127.0.0.1', '本地测试', '查询菜单', '{}', 'GET', '/zwz/permission/getMenuList', 'admin', 2, 'PERMISSION-02', 'PC端 | Chrome 113.0.0.0 | Windows Windows 10 or Windows Server 2016'),
	('1663724415575265301', NULL, '2023-05-31 09:49:45.909000', 0, NULL, '2023-05-31 09:49:45.909000', 79, '127.0.0.1', '本地测试', '查询全部菜单', '{}', 'GET', '/zwz/permission/getAllList', 'admin', 2, 'PERMISSION-04', 'PC端 | Chrome 113.0.0.0 | Windows Windows 10 or Windows Server 2016'),
	('1663724441454120960', NULL, '2023-05-31 09:49:52.054000', 0, NULL, '2023-05-31 09:49:52.054000', 53, '127.0.0.1', '本地测试', '添加菜单', '{"icon":"","type":"1","parentId":"5129710648430595","level":"3","sortOrder":"3","buttonType":"delete","status":"0","path":"无","title":"删除菜单","name":"","component":""}', 'POST', '/zwz/permission/add', 'admin', 2, 'PERMISSION-06', 'PC端 | Chrome 113.0.0.0 | Windows Windows 10 or Windows Server 2016'),
	('1663724443182174208', NULL, '2023-05-31 09:49:52.437000', 0, NULL, '2023-05-31 09:49:52.437000', 27, '127.0.0.1', '本地测试', '查询单个数据字典的值', '{}', 'GET', '/zwz/dictData/getByType/permission_type', 'admin', 2, 'DICT_DATA-01', 'PC端 | Chrome 113.0.0.0 | Windows Windows 10 or Windows Server 2016'),
	('1663724443194757124', NULL, '2023-05-31 09:49:52.473000', 0, NULL, '2023-05-31 09:49:52.473000', 63, '127.0.0.1', '本地测试', '查询菜单', '{}', 'GET', '/zwz/permission/getMenuList', 'admin', 2, 'PERMISSION-02', 'PC端 | Chrome 113.0.0.0 | Windows Windows 10 or Windows Server 2016'),
	('1663724443370917888', NULL, '2023-05-31 09:49:52.490000', 0, NULL, '2023-05-31 09:49:52.490000', 77, '127.0.0.1', '本地测试', '查询全部菜单', '{}', 'GET', '/zwz/permission/getAllList', 'admin', 2, 'PERMISSION-04', 'PC端 | Chrome 113.0.0.0 | Windows Windows 10 or Windows Server 2016'),
	('1663724447074488325', NULL, '2023-05-31 09:49:53.372000', 0, NULL, '2023-05-31 09:49:53.372000', 27, '127.0.0.1', '本地测试', '查询菜单权限拥有者', '{"permissionId":"56309618086776832"}', 'GET', '/zwz/permission/getUserByPermission', 'admin', 2, 'PERMISSION-01', 'PC端 | Chrome 113.0.0.0 | Windows Windows 10 or Windows Server 2016'),
	('1663724628784320512', NULL, '2023-05-31 09:50:36.715000', 0, NULL, '2023-05-31 09:50:36.715000', 49, '127.0.0.1', '本地测试', '添加菜单', '{"icon":"","type":"1","parentId":"56309618086776832","level":"3","sortOrder":"1","buttonType":"add","status":"0","path":"无","title":"上传文件","name":"","component":""}', 'POST', '/zwz/permission/add', 'admin', 2, 'PERMISSION-06', 'PC端 | Chrome 113.0.0.0 | Windows Windows 10 or Windows Server 2016'),
	('1663724629904199680', NULL, '2023-05-31 09:50:36.955000', 0, NULL, '2023-05-31 09:50:36.955000', 23, '127.0.0.1', '本地测试', '查询菜单', '{}', 'GET', '/zwz/permission/getMenuList', 'admin', 2, 'PERMISSION-02', 'PC端 | Chrome 113.0.0.0 | Windows Windows 10 or Windows Server 2016'),
	('1663724630361378819', NULL, '2023-05-31 09:50:37.064000', 0, NULL, '2023-05-31 09:50:37.064000', 22, '127.0.0.1', '本地测试', '查询单个数据字典的值', '{}', 'GET', '/zwz/dictData/getByType/permission_type', 'admin', 2, 'DICT_DATA-01', 'PC端 | Chrome 113.0.0.0 | Windows Windows 10 or Windows Server 2016'),
	('1663724630432681984', NULL, '2023-05-31 09:50:37.113000', 0, NULL, '2023-05-31 09:50:37.113000', 70, '127.0.0.1', '本地测试', '查询全部菜单', '{}', 'GET', '/zwz/permission/getAllList', 'admin', 2, 'PERMISSION-04', 'PC端 | Chrome 113.0.0.0 | Windows Windows 10 or Windows Server 2016'),
	('1663724665195073536', NULL, '2023-05-31 09:50:45.394000', 0, NULL, '2023-05-31 09:50:45.394000', 49, '127.0.0.1', '本地测试', '添加菜单', '{"icon":"","type":"1","parentId":"56309618086776832","level":"3","sortOrder":"2","buttonType":"delete","status":"0","path":"无","title":"删除文件","name":"","component":""}', 'POST', '/zwz/permission/add', 'admin', 2, 'PERMISSION-06', 'PC端 | Chrome 113.0.0.0 | Windows Windows 10 or Windows Server 2016'),
	('1663724666835046403', NULL, '2023-05-31 09:50:45.755000', 0, NULL, '2023-05-31 09:50:45.755000', 19, '127.0.0.1', '本地测试', '查询单个数据字典的值', '{}', 'GET', '/zwz/dictData/getByType/permission_type', 'admin', 2, 'DICT_DATA-01', 'PC端 | Chrome 113.0.0.0 | Windows Windows 10 or Windows Server 2016'),
	('1663724666839240704', NULL, '2023-05-31 09:50:45.792000', 0, NULL, '2023-05-31 09:50:45.792000', 43, '127.0.0.1', '本地测试', '查询菜单', '{}', 'GET', '/zwz/permission/getMenuList', 'admin', 2, 'PERMISSION-02', 'PC端 | Chrome 113.0.0.0 | Windows Windows 10 or Windows Server 2016'),
	('1663724666897960960', NULL, '2023-05-31 09:50:45.816000', 0, NULL, '2023-05-31 09:50:45.816000', 79, '127.0.0.1', '本地测试', '查询全部菜单', '{}', 'GET', '/zwz/permission/getAllList', 'admin', 2, 'PERMISSION-04', 'PC端 | Chrome 113.0.0.0 | Windows Windows 10 or Windows Server 2016'),
	('1663724670660251652', NULL, '2023-05-31 09:50:46.672000', 0, NULL, '2023-05-31 09:50:46.672000', 23, '127.0.0.1', '本地测试', '查询菜单权限拥有者', '{"permissionId":"41363147411427328"}', 'GET', '/zwz/permission/getUserByPermission', 'admin', 2, 'PERMISSION-01', 'PC端 | Chrome 113.0.0.0 | Windows Windows 10 or Windows Server 2016'),
	('1663724674019889157', NULL, '2023-05-31 09:50:47.472000', 0, NULL, '2023-05-31 09:50:47.472000', 20, '127.0.0.1', '本地测试', '查询菜单权限拥有者', '{"permissionId":"1530689602321518592"}', 'GET', '/zwz/permission/getUserByPermission', 'admin', 2, 'PERMISSION-01', 'PC端 | Chrome 113.0.0.0 | Windows Windows 10 or Windows Server 2016'),
	('1663724779993174016', NULL, '2023-05-31 09:51:12.793000', 0, NULL, '2023-05-31 09:51:12.793000', 70, '127.0.0.1', '本地测试', '添加菜单', '{"icon":"","type":"1","parentId":"1530689602321518592","level":"3","sortOrder":"1","buttonType":"add","status":"0","path":"无","title":"添加数据字典","name":"","component":""}', 'POST', '/zwz/permission/add', 'admin', 2, 'PERMISSION-06', 'PC端 | Chrome 113.0.0.0 | Windows Windows 10 or Windows Server 2016'),
	('1663724781742198789', NULL, '2023-05-31 09:51:13.172000', 0, NULL, '2023-05-31 09:51:13.172000', 39, '127.0.0.1', '本地测试', '查询单个数据字典的值', '{}', 'GET', '/zwz/dictData/getByType/permission_type', 'admin', 2, 'DICT_DATA-01', 'PC端 | Chrome 113.0.0.0 | Windows Windows 10 or Windows Server 2016'),
	('1663724781742198797', NULL, '2023-05-31 09:51:13.214000', 0, NULL, '2023-05-31 09:51:13.214000', 82, '127.0.0.1', '本地测试', '查询菜单', '{}', 'GET', '/zwz/permission/getMenuList', 'admin', 2, 'PERMISSION-02', 'PC端 | Chrome 113.0.0.0 | Windows Windows 10 or Windows Server 2016'),
	('1663724781813501952', NULL, '2023-05-31 09:51:13.214000', 0, NULL, '2023-05-31 09:51:13.214000', 82, '127.0.0.1', '本地测试', '查询全部菜单', '{}', 'GET', '/zwz/permission/getAllList', 'admin', 2, 'PERMISSION-04', 'PC端 | Chrome 113.0.0.0 | Windows Windows 10 or Windows Server 2016'),
	('1663724805117054976', NULL, '2023-05-31 09:51:18.775000', 0, NULL, '2023-05-31 09:51:18.775000', 70, '127.0.0.1', '本地测试', '添加菜单', '{"icon":"","type":"1","parentId":"1530689602321518592","level":"3","sortOrder":"2","buttonType":"edit","status":"0","path":"无","title":"编辑数据字典","name":"","component":""}', 'POST', '/zwz/permission/add', 'admin', 2, 'PERMISSION-06', 'PC端 | Chrome 113.0.0.0 | Windows Windows 10 or Windows Server 2016'),
	('1663724806828331020', NULL, '2023-05-31 09:51:19.155000', 0, NULL, '2023-05-31 09:51:19.155000', 38, '127.0.0.1', '本地测试', '查询单个数据字典的值', '{}', 'GET', '/zwz/dictData/getByType/permission_type', 'admin', 2, 'DICT_DATA-01', 'PC端 | Chrome 113.0.0.0 | Windows Windows 10 or Windows Server 2016'),
	('1663724806828331029', NULL, '2023-05-31 09:51:19.196000', 0, NULL, '2023-05-31 09:51:19.196000', 82, '127.0.0.1', '本地测试', '查询菜单', '{}', 'GET', '/zwz/permission/getMenuList', 'admin', 2, 'PERMISSION-02', 'PC端 | Chrome 113.0.0.0 | Windows Windows 10 or Windows Server 2016'),
	('1663724806912217088', NULL, '2023-05-31 09:51:19.214000', 0, NULL, '2023-05-31 09:51:19.214000', 98, '127.0.0.1', '本地测试', '查询全部菜单', '{}', 'GET', '/zwz/permission/getAllList', 'admin', 2, 'PERMISSION-04', 'PC端 | Chrome 113.0.0.0 | Windows Windows 10 or Windows Server 2016'),
	('1663724828139589632', NULL, '2023-05-31 09:51:24.236000', 0, NULL, '2023-05-31 09:51:24.236000', 43, '127.0.0.1', '本地测试', '添加菜单', '{"icon":"","type":"1","parentId":"1530689602321518592","level":"3","sortOrder":"3","buttonType":"delete","status":"0","path":"无","title":"删除数据字典","name":"","component":""}', 'POST', '/zwz/permission/add', 'admin', 2, 'PERMISSION-06', 'PC端 | Chrome 113.0.0.0 | Windows Windows 10 or Windows Server 2016'),
	('1663724829720842244', NULL, '2023-05-31 09:51:24.608000', 0, NULL, '2023-05-31 09:51:24.608000', 36, '127.0.0.1', '本地测试', '查询单个数据字典的值', '{}', 'GET', '/zwz/dictData/getByType/permission_type', 'admin', 2, 'DICT_DATA-01', 'PC端 | Chrome 113.0.0.0 | Windows Windows 10 or Windows Server 2016'),
	('1663724829725036551', NULL, '2023-05-31 09:51:24.655000', 0, NULL, '2023-05-31 09:51:24.655000', 82, '127.0.0.1', '本地测试', '查询菜单', '{}', 'GET', '/zwz/permission/getMenuList', 'admin', 2, 'PERMISSION-02', 'PC端 | Chrome 113.0.0.0 | Windows Windows 10 or Windows Server 2016'),
	('1663724829817311232', NULL, '2023-05-31 09:51:24.670000', 0, NULL, '2023-05-31 09:51:24.670000', 97, '127.0.0.1', '本地测试', '查询全部菜单', '{}', 'GET', '/zwz/permission/getAllList', 'admin', 2, 'PERMISSION-04', 'PC端 | Chrome 113.0.0.0 | Windows Windows 10 or Windows Server 2016'),
	('1663724960046256128', NULL, '2023-05-31 09:51:55.721000', 0, NULL, '2023-05-31 09:51:55.721000', 80, '127.0.0.1', '本地测试', '查询角色', '{"pageNumber":"1","pageSize":"15","sort":"createTime","order":"desc"}', 'GET', '/zwz/role/getAllByPage', 'admin', 2, 'ROLE-02', 'PC端 | Chrome 113.0.0.0 | Windows Windows 10 or Windows Server 2016'),
	('1663725019093667840', NULL, '2023-05-31 09:52:09.792000', 0, NULL, '2023-05-31 09:52:09.792000', 89, '127.0.0.1', '本地测试', '修改菜单权限', '{"roleId":"1536606659751841799","permIds":"125909152017944576,1464484663442673664,5129710648430593,1663723467998105600,1663723511849553920,1663723538621796352,40238597734928384,1663724125664972800,1663724149731889152,1663724174398590976,5129710648430594,1663724230593875968,1663724255319298048,1663724279579152384,1663724334755221504,5129710648430595,1663724386382909440,1663724413914320896,1663724441433149440,56309618086776832,1663724628767543296,1663724665174102016,41363147411427328,1530689602321518592,1663724779984785408,1663724805096083456,1663724828114423808,1535166438371889152,1536599942410407936,1536600125332393984,1536600268379131904,1536604417711804416,1536606273959759872,1536606372668510208,1536606464712511488,1536606550951596032,1536606637815631872,1536875505901506560"}', 'POST', '/zwz/role/editRolePerm', 'admin', 2, 'ROLE-04', 'PC端 | Chrome 113.0.0.0 | Windows Windows 10 or Windows Server 2016'),
	('1663725020138049548', NULL, '2023-05-31 09:52:10.023000', 0, NULL, '2023-05-31 09:52:10.023000', 68, '127.0.0.1', '本地测试', '查询菜单', '{}', 'GET', '/zwz/permission/getMenuList', 'admin', 2, 'PERMISSION-02', 'PC端 | Chrome 113.0.0.0 | Windows Windows 10 or Windows Server 2016'),
	('1663725020813332480', NULL, '2023-05-31 09:52:10.170000', 0, NULL, '2023-05-31 09:52:10.170000', 43, '127.0.0.1', '本地测试', '查询角色', '{"pageNumber":"1","pageSize":"15","sort":"createTime","order":"desc"}', 'GET', '/zwz/role/getAllByPage', 'admin', 2, 'ROLE-02', 'PC端 | Chrome 113.0.0.0 | Windows Windows 10 or Windows Server 2016'),
	('1663725576407617540', NULL, '2023-05-31 09:54:22.677000', 0, NULL, '2023-05-31 09:54:22.677000', 78, '127.0.0.1', '本地测试', '查询子部门', '{}', 'GET', '/zwz/department/getByParentId', 'admin', 2, 'DEP-01', 'PC端 | Chrome 113.0.0.0 | Windows Windows 10 or Windows Server 2016'),
	('1663725576407617545', NULL, '2023-05-31 09:54:22.677000', 0, NULL, '2023-05-31 09:54:22.677000', 78, '127.0.0.1', '本地测试', '查询用户', '{"pageNumber":"1","pageSize":"10","sort":"createTime","order":"desc","departmentId":""}', 'GET', '/zwz/myUser/getByPage', 'admin', 2, 'USER-01', 'PC端 | Chrome 113.0.0.0 | Windows Windows 10 or Windows Server 2016'),
	('1663725578047590400', NULL, '2023-05-31 09:54:23.014000', 0, NULL, '2023-05-31 09:54:23.014000', 28, '127.0.0.1', '本地测试', '查询子部门', '{}', 'GET', '/zwz/department/getByParentId', 'admin', 2, 'DEP-01', 'PC端 | Chrome 113.0.0.0 | Windows Windows 10 or Windows Server 2016'),
	('1663725622079393792', NULL, '2023-05-31 09:54:33.548000', 0, NULL, '2023-05-31 09:54:33.548000', 67, '127.0.0.1', '本地测试', '查询子部门', '{}', 'GET', '/zwz/department/getByParentId', 'admin', 2, 'DEP-01', 'PC端 | Chrome 113.0.0.0 | Windows Windows 10 or Windows Server 2016'),
	('1663725623052472320', NULL, '2023-05-31 09:54:33.744000', 0, NULL, '2023-05-31 09:54:33.744000', 29, '127.0.0.1', '本地测试', '查询用户', '{"pageNumber":"1","pageSize":"10","sort":"createTime","order":"desc","departmentId":""}', 'GET', '/zwz/myUser/getByPage', 'admin', 2, 'USER-01', 'PC端 | Chrome 113.0.0.0 | Windows Windows 10 or Windows Server 2016'),
	('1663725623337684992', NULL, '2023-05-31 09:54:33.815000', 0, NULL, '2023-05-31 09:54:33.815000', 30, '127.0.0.1', '本地测试', '查询子部门', '{}', 'GET', '/zwz/department/getByParentId', 'admin', 2, 'DEP-01', 'PC端 | Chrome 113.0.0.0 | Windows Windows 10 or Windows Server 2016'),
	('1663725642333687808', NULL, '2023-05-31 09:54:38.345000', 0, NULL, '2023-05-31 09:54:38.345000', 30, '127.0.0.1', '本地测试', '查询菜单', '{}', 'GET', '/zwz/permission/getMenuList', 'admin', 2, 'PERMISSION-02', 'PC端 | Chrome 113.0.0.0 | Windows Windows 10 or Windows Server 2016'),
	('1663725643168354312', NULL, '2023-05-31 09:54:38.560000', 0, NULL, '2023-05-31 09:54:38.560000', 49, '127.0.0.1', '本地测试', '查询用户', '{"pageNumber":"1","pageSize":"10","sort":"createTime","order":"desc","departmentId":""}', 'GET', '/zwz/myUser/getByPage', 'admin', 2, 'USER-01', 'PC端 | Chrome 113.0.0.0 | Windows Windows 10 or Windows Server 2016'),
	('1663725643168354313', NULL, '2023-05-31 09:54:38.560000', 0, NULL, '2023-05-31 09:54:38.560000', 49, '127.0.0.1', '本地测试', '查询子部门', '{}', 'GET', '/zwz/department/getByParentId', 'admin', 2, 'DEP-01', 'PC端 | Chrome 113.0.0.0 | Windows Windows 10 or Windows Server 2016'),
	('1663725644737024005', NULL, '2023-05-31 09:54:38.924000', 0, NULL, '2023-05-31 09:54:38.924000', 33, '127.0.0.1', '本地测试', '查询子部门', '{}', 'GET', '/zwz/department/getByParentId', 'admin', 2, 'DEP-01', 'PC端 | Chrome 113.0.0.0 | Windows Windows 10 or Windows Server 2016'),
	('1663726129892167680', NULL, '2023-05-31 09:56:34.609000', 0, NULL, '2023-05-31 09:56:34.609000', 57, '127.0.0.1', '本地测试', '查询单个数据字典的值', '{}', 'GET', '/zwz/dictData/getByType/permission_type', 'admin', 2, 'DICT_DATA-01', 'PC端 | Chrome 113.0.0.0 | Windows Windows 10 or Windows Server 2016'),
	('1663726137840373762', NULL, '2023-05-31 09:56:36.475000', 0, NULL, '2023-05-31 09:56:36.475000', 23, '127.0.0.1', '本地测试', '查询菜单权限拥有者', '{"permissionId":"56309618086776832"}', 'GET', '/zwz/permission/getUserByPermission', 'admin', 2, 'PERMISSION-01', 'PC端 | Chrome 113.0.0.0 | Windows Windows 10 or Windows Server 2016'),
	('1663726175098376192', NULL, '2023-05-31 09:56:45.396000', 0, NULL, '2023-05-31 09:56:45.396000', 58, '127.0.0.1', '本地测试', '添加菜单', '{"icon":"","type":"1","parentId":"56309618086776832","level":"3","sortOrder":"3","buttonType":"enable","status":"0","path":"无","title":"文件存储配置","name":"","component":""}', 'POST', '/zwz/permission/add', 'admin', 2, 'PERMISSION-06', 'PC端 | Chrome 113.0.0.0 | Windows Windows 10 or Windows Server 2016'),
	('1663726176176312322', NULL, '2023-05-31 09:56:45.615000', 0, NULL, '2023-05-31 09:56:45.615000', 20, '127.0.0.1', '本地测试', '查询菜单', '{}', 'GET', '/zwz/permission/getMenuList', 'admin', 2, 'PERMISSION-02', 'PC端 | Chrome 113.0.0.0 | Windows Windows 10 or Windows Server 2016'),
	('1663726176813846530', NULL, '2023-05-31 09:56:45.778000', 0, NULL, '2023-05-31 09:56:45.778000', 34, '127.0.0.1', '本地测试', '查询单个数据字典的值', '{}', 'GET', '/zwz/dictData/getByType/permission_type', 'admin', 2, 'DICT_DATA-01', 'PC端 | Chrome 113.0.0.0 | Windows Windows 10 or Windows Server 2016'),
	('1663726176893538304', NULL, '2023-05-31 09:56:45.819000', 0, NULL, '2023-05-31 09:56:45.819000', 73, '127.0.0.1', '本地测试', '查询全部菜单', '{}', 'GET', '/zwz/permission/getAllList', 'admin', 2, 'PERMISSION-04', 'PC端 | Chrome 113.0.0.0 | Windows Windows 10 or Windows Server 2016'),
	('1663726177690456102', NULL, '2023-05-31 09:56:45.981000', 0, NULL, '2023-05-31 09:56:45.981000', 32, '127.0.0.1', '本地测试', '查询角色', '{"pageNumber":"1","pageSize":"15","sort":"createTime","order":"desc"}', 'GET', '/zwz/role/getAllByPage', 'admin', 2, 'ROLE-02', 'PC端 | Chrome 113.0.0.0 | Windows Windows 10 or Windows Server 2016'),
	('1663726203980353536', NULL, '2023-05-31 09:56:52.277000', 0, NULL, '2023-05-31 09:56:52.277000', 56, '127.0.0.1', '本地测试', '修改菜单权限', '{"roleId":"1536606659751841799","permIds":"125909152017944576,1464484663442673664,5129710648430593,1663723467998105600,1663723511849553920,1663723538621796352,40238597734928384,1663724125664972800,1663724149731889152,1663724174398590976,5129710648430594,1663724230593875968,1663724255319298048,1663724279579152384,1663724334755221504,5129710648430595,1663724386382909440,1663724413914320896,1663724441433149440,56309618086776832,1663724628767543296,1663724665174102016,1663726175089987584,41363147411427328,1530689602321518592,1663724779984785408,1663724805096083456,1663724828114423808,1535166438371889152,1536599942410407936,1536600125332393984,1536600268379131904,1536604417711804416,1536606273959759872,1536606372668510208,1536606464712511488,1536606550951596032,1536606637815631872,1536875505901506560"}', 'POST', '/zwz/role/editRolePerm', 'admin', 2, 'ROLE-04', 'PC端 | Chrome 113.0.0.0 | Windows Windows 10 or Windows Server 2016'),
	('1663726205037318164', NULL, '2023-05-31 09:56:52.514000', 0, NULL, '2023-05-31 09:56:52.514000', 56, '127.0.0.1', '本地测试', '查询菜单', '{}', 'GET', '/zwz/permission/getMenuList', 'admin', 2, 'PERMISSION-02', 'PC端 | Chrome 113.0.0.0 | Windows Windows 10 or Windows Server 2016'),
	('1663726205628715008', NULL, '2023-05-31 09:56:52.636000', 0, NULL, '2023-05-31 09:56:52.636000', 28, '127.0.0.1', '本地测试', '查询角色', '{"pageNumber":"1","pageSize":"15","sort":"createTime","order":"desc"}', 'GET', '/zwz/role/getAllByPage', 'admin', 2, 'ROLE-02', 'PC端 | Chrome 113.0.0.0 | Windows Windows 10 or Windows Server 2016'),
	('1663726279112921092', NULL, '2023-05-31 09:57:10.204000', 0, NULL, '2023-05-31 09:57:10.204000', 89, '127.0.0.1', '本地测试', '修改菜单权限', '{"roleId":"1536606659751841795","permIds":"125909152017944576,1464484663442673664,5129710648430593,40238597734928384,5129710648430594,5129710648430595,56309618086776832,41363147411427328,1530689602321518592,1535166438371889152,1536599942410407936,1536600125332393984,1536600268379131904,1536604417711804416,1536606273959759872,1536606372668510208,1536606464712511488,1536606550951596032,1536606637815631872,1536875505901506560"}', 'POST', '/zwz/role/editRolePerm', 'admin', 2, 'ROLE-04', 'PC端 | Chrome 113.0.0.0 | Windows Windows 10 or Windows Server 2016'),
	('1663726280870334564', NULL, '2023-05-31 09:57:10.575000', 0, NULL, '2023-05-31 09:57:10.575000', 34, '127.0.0.1', '本地测试', '查询角色', '{"pageNumber":"1","pageSize":"15","sort":"createTime","order":"desc"}', 'GET', '/zwz/role/getAllByPage', 'admin', 2, 'ROLE-02', 'PC端 | Chrome 113.0.0.0 | Windows Windows 10 or Windows Server 2016'),
	('1663726280950026250', NULL, '2023-05-31 09:57:10.635000', 0, NULL, '2023-05-31 09:57:10.635000', 94, '127.0.0.1', '本地测试', '查询菜单', '{}', 'GET', '/zwz/permission/getMenuList', 'admin', 2, 'PERMISSION-02', 'PC端 | Chrome 113.0.0.0 | Windows Windows 10 or Windows Server 2016'),
	('1663726285664423936', NULL, '2023-05-31 09:57:11.728000', 0, NULL, '2023-05-31 09:57:11.728000', 31, '127.0.0.1', '本地测试', '查询菜单', '{}', 'GET', '/zwz/permission/getMenuList', 'admin', 2, 'PERMISSION-02', 'PC端 | Chrome 113.0.0.0 | Windows Windows 10 or Windows Server 2016'),
	('1663726286377455616', NULL, '2023-05-31 09:57:11.899000', 0, NULL, '2023-05-31 09:57:11.899000', 43, '127.0.0.1', '本地测试', '查询角色', '{"pageNumber":"1","pageSize":"15","sort":"createTime","order":"desc"}', 'GET', '/zwz/role/getAllByPage', 'admin', 2, 'ROLE-02', 'PC端 | Chrome 113.0.0.0 | Windows Windows 10 or Windows Server 2016'),
	('1663726291519672320', NULL, '2023-05-31 09:57:13.122000', 0, NULL, '2023-05-31 09:57:13.122000', 27, '127.0.0.1', '本地测试', '查询全部角色', '{}', 'GET', '/zwz/role/getAllList', 'admin', 2, 'ROLE-01', 'PC端 | Chrome 113.0.0.0 | Windows Windows 10 or Windows Server 2016'),
	('1663726291528060928', NULL, '2023-05-31 09:57:13.124000', 0, NULL, '2023-05-31 09:57:13.124000', 29, '127.0.0.1', '本地测试', '查询单个数据字典的值', '{}', 'GET', '/zwz/dictData/getByType/sex', 'admin', 2, 'DICT_DATA-01', 'PC端 | Chrome 113.0.0.0 | Windows Windows 10 or Windows Server 2016'),
	('1663726291536449536', NULL, '2023-05-31 09:57:13.155000', 0, NULL, '2023-05-31 09:57:13.155000', 58, '127.0.0.1', '本地测试', '查询子部门', '{}', 'GET', '/zwz/department/getByParentId', 'admin', 2, 'DEP-01', 'PC端 | Chrome 113.0.0.0 | Windows Windows 10 or Windows Server 2016'),
	('1663726291620335616', NULL, '2023-05-31 09:57:13.175000', 0, NULL, '2023-05-31 09:57:13.175000', 74, '127.0.0.1', '本地测试', '查询用户', '{"nickname":"","departmentId":"","pageNumber":"1","pageSize":"20","sort":"createTime","order":"desc"}', 'GET', '/zwz/user/getUserList', 'admin', 2, 'USER-07', 'PC端 | Chrome 113.0.0.0 | Windows Windows 10 or Windows Server 2016'),
	('1663726291771330566', NULL, '2023-05-31 09:57:13.175000', 0, NULL, '2023-05-31 09:57:13.175000', 20, '127.0.0.1', '本地测试', '查询子部门', '{}', 'GET', '/zwz/department/getByParentId', 'admin', 2, 'DEP-01', 'PC端 | Chrome 113.0.0.0 | Windows Windows 10 or Windows Server 2016'),
	('1663726316769382400', NULL, '2023-05-31 09:57:19.175000', 0, NULL, '2023-05-31 09:57:19.175000', 60, '127.0.0.1', '本地测试', '登录系统', '{"username":"13600000001","password":"","code":"4036","captchaId":"8e8e512b4f884085967a27efab3b58eb","saveLogin":"true"}', 'POST', '/zwz/login', '13600000001', 1, '', 'PC端 | Chrome 113.0.0.0 | Windows Windows 10 or Windows Server 2016'),
	('1663726318111559682', NULL, '2023-05-31 09:57:19.455000', 0, NULL, '2023-05-31 09:57:19.455000', 21, '127.0.0.1', '本地测试', '获取当前登录用户', '{}', 'GET', '/zwz/user/info', '13600000001', 2, 'USER-02', 'PC端 | Chrome 113.0.0.0 | Windows Windows 10 or Windows Server 2016'),
	('1663726319197884416', NULL, '2023-05-31 09:57:19.715000', 0, NULL, '2023-05-31 09:57:19.715000', 39, '127.0.0.1', '本地测试', '查询菜单', '{}', 'GET', '/zwz/permission/getMenuList', '13600000001', 2, 'PERMISSION-02', 'PC端 | Chrome 113.0.0.0 | Windows Windows 10 or Windows Server 2016'),
	('1663726327871705088', NULL, '2023-05-31 09:57:21.788000', 0, NULL, '2023-05-31 09:57:21.788000', 28, '127.0.0.1', '本地测试', '查询菜单', '{}', 'GET', '/zwz/permission/getMenuList', '13600000001', 2, 'PERMISSION-02', 'PC端 | Chrome 113.0.0.0 | Windows Windows 10 or Windows Server 2016'),
	('1663726328794451968', NULL, '2023-05-31 09:57:22.008000', 0, NULL, '2023-05-31 09:57:22.008000', 34, '127.0.0.1', '本地测试', '查询个人门户菜单B', '{}', 'POST', '/zwz/myDoor/getMyDoorList6', '13600000001', 2, 'MY-DOOR-02', 'PC端 | Chrome 113.0.0.0 | Windows Windows 10 or Windows Server 2016'),
	('1663726338407796737', NULL, '2023-05-31 09:57:24.297000', 0, NULL, '2023-05-31 09:57:24.297000', 24, '127.0.0.1', '本地测试', '查询全部角色', '{}', 'GET', '/zwz/role/getAllList', '13600000001', 2, 'ROLE-01', 'PC端 | Chrome 113.0.0.0 | Windows Windows 10 or Windows Server 2016'),
	('1663726338416185344', NULL, '2023-05-31 09:57:24.316000', 0, NULL, '2023-05-31 09:57:24.316000', 44, '127.0.0.1', '本地测试', '查询单个数据字典的值', '{}', 'GET', '/zwz/dictData/getByType/sex', '13600000001', 2, 'DICT_DATA-01', 'PC端 | Chrome 113.0.0.0 | Windows Windows 10 or Windows Server 2016'),
	('1663726338445545473', NULL, '2023-05-31 09:57:24.335000', 0, NULL, '2023-05-31 09:57:24.335000', 62, '127.0.0.1', '本地测试', '查询用户', '{"nickname":"","departmentId":"","pageNumber":"1","pageSize":"20","sort":"createTime","order":"desc"}', 'GET', '/zwz/user/getUserList', '13600000001', 2, 'USER-07', 'PC端 | Chrome 113.0.0.0 | Windows Windows 10 or Windows Server 2016'),
	('1663726338445545474', NULL, '2023-05-31 09:57:24.335000', 0, NULL, '2023-05-31 09:57:24.335000', 65, '127.0.0.1', '本地测试', '查询子部门', '{}', 'GET', '/zwz/department/getByParentId', '13600000001', 2, 'DEP-01', 'PC端 | Chrome 113.0.0.0 | Windows Windows 10 or Windows Server 2016'),
	('1663726340068741123', NULL, '2023-05-31 09:57:24.694000', 0, NULL, '2023-05-31 09:57:24.694000', 25, '127.0.0.1', '本地测试', '查询子部门', '{}', 'GET', '/zwz/department/getByParentId', '13600000001', 2, 'DEP-01', 'PC端 | Chrome 113.0.0.0 | Windows Windows 10 or Windows Server 2016'),
	('1663726352794259459', NULL, '2023-05-31 09:57:27.731000', 0, NULL, '2023-05-31 09:57:27.731000', 29, '127.0.0.1', '本地测试', '查询子部门', '{}', 'GET', '/zwz/department/getByParentId', '13600000001', 2, 'DEP-01', 'PC端 | Chrome 113.0.0.0 | Windows Windows 10 or Windows Server 2016'),
	('1663726353586982912', NULL, '2023-05-31 09:57:27.919000', 0, NULL, '2023-05-31 09:57:27.919000', 34, '127.0.0.1', '本地测试', '查询用户', '{"pageNumber":"1","pageSize":"10","sort":"createTime","order":"desc","departmentId":""}', 'GET', '/zwz/myUser/getByPage', '13600000001', 2, 'USER-01', 'PC端 | Chrome 113.0.0.0 | Windows Windows 10 or Windows Server 2016'),
	('1663726354073522179', NULL, '2023-05-31 09:57:28.035000', 0, NULL, '2023-05-31 09:57:28.035000', 27, '127.0.0.1', '本地测试', '查询子部门', '{}', 'GET', '/zwz/department/getByParentId', '13600000001', 2, 'DEP-01', 'PC端 | Chrome 113.0.0.0 | Windows Windows 10 or Windows Server 2016'),
	('1663726355390533635', NULL, '2023-05-31 09:57:28.350000', 0, NULL, '2023-05-31 09:57:28.350000', 31, '127.0.0.1', '本地测试', '查询子部门', '{}', 'GET', '/zwz/department/getByParentId', '13600000001', 2, 'DEP-01', 'PC端 | Chrome 113.0.0.0 | Windows Windows 10 or Windows Server 2016'),
	('1663726356686573570', NULL, '2023-05-31 09:57:28.659000', 0, NULL, '2023-05-31 09:57:28.659000', 29, '127.0.0.1', '本地测试', '查询单个数据字典的值', '{}', 'GET', '/zwz/dictData/getByType/sex', '13600000001', 2, 'DICT_DATA-01', 'PC端 | Chrome 113.0.0.0 | Windows Windows 10 or Windows Server 2016'),
	('1663726356686573571', NULL, '2023-05-31 09:57:28.657000', 0, NULL, '2023-05-31 09:57:28.657000', 24, '127.0.0.1', '本地测试', '查询全部角色', '{}', 'GET', '/zwz/role/getAllList', '13600000001', 2, 'ROLE-01', 'PC端 | Chrome 113.0.0.0 | Windows Windows 10 or Windows Server 2016'),
	('1663726356720128001', NULL, '2023-05-31 09:57:28.663000', 0, NULL, '2023-05-31 09:57:28.663000', 29, '127.0.0.1', '本地测试', '查询用户', '{"nickname":"","departmentId":"","pageNumber":"1","pageSize":"20","sort":"createTime","order":"desc"}', 'GET', '/zwz/user/getUserList', '13600000001', 2, 'USER-07', 'PC端 | Chrome 113.0.0.0 | Windows Windows 10 or Windows Server 2016'),
	('1663726356829179907', NULL, '2023-05-31 09:57:28.689000', 0, NULL, '2023-05-31 09:57:28.689000', 27, '127.0.0.1', '本地测试', '查询子部门', '{}', 'GET', '/zwz/department/getByParentId', '13600000001', 2, 'DEP-01', 'PC端 | Chrome 113.0.0.0 | Windows Windows 10 or Windows Server 2016'),
	('1663726419626299395', NULL, '2023-05-31 09:57:43.725000', 0, NULL, '2023-05-31 09:57:43.725000', 94, '127.0.0.1', '本地测试', '查询子部门', '{}', 'GET', '/zwz/department/getByParentId', '13600000001', 2, 'DEP-01', 'PC端 | Chrome 113.0.0.0 | Windows Windows 10 or Windows Server 2016'),
	('1663726420330942466', NULL, '2023-05-31 09:57:43.845000', 0, NULL, '2023-05-31 09:57:43.845000', 40, '127.0.0.1', '本地测试', '查询单个数据字典的值', '{}', 'GET', '/zwz/dictData/getByType/sex', '13600000001', 2, 'DICT_DATA-01', 'PC端 | Chrome 113.0.0.0 | Windows Windows 10 or Windows Server 2016'),
	('1663726420523880449', NULL, '2023-05-31 09:57:43.892000', 0, NULL, '2023-05-31 09:57:43.892000', 40, '127.0.0.1', '本地测试', '查询全部角色', '{}', 'GET', '/zwz/role/getAllList', '13600000001', 2, 'ROLE-01', 'PC端 | Chrome 113.0.0.0 | Windows Windows 10 or Windows Server 2016'),
	('1663726420985253890', NULL, '2023-05-31 09:57:44.003000', 0, NULL, '2023-05-31 09:57:44.003000', 50, '127.0.0.1', '本地测试', '查询子部门', '{}', 'GET', '/zwz/department/getByParentId', '13600000001', 2, 'DEP-01', 'PC端 | Chrome 113.0.0.0 | Windows Windows 10 or Windows Server 2016'),
	('1663726421023002624', NULL, '2023-05-31 09:57:44.040000', 0, NULL, '2023-05-31 09:57:44.040000', 86, '127.0.0.1', '本地测试', '查询用户', '{"nickname":"","departmentId":"","pageNumber":"1","pageSize":"20","sort":"createTime","order":"desc"}', 'GET', '/zwz/user/getUserList', '13600000001', 2, 'USER-07', 'PC端 | Chrome 113.0.0.0 | Windows Windows 10 or Windows Server 2016'),
	('1663726431374544898', NULL, '2023-05-31 09:57:46.471000', 0, NULL, '2023-05-31 09:57:46.471000', 47, '127.0.0.1', '本地测试', '查询菜单', '{}', 'GET', '/zwz/permission/getMenuList', '13600000001', 2, 'PERMISSION-02', 'PC端 | Chrome 113.0.0.0 | Windows Windows 10 or Windows Server 2016'),
	('1663726433605914630', NULL, '2023-05-31 09:57:47.017000', 0, NULL, '2023-05-31 09:57:47.017000', 46, '127.0.0.1', '本地测试', '查询全部角色', '{}', 'GET', '/zwz/role/getAllList', '13600000001', 2, 'ROLE-01', 'PC端 | Chrome 113.0.0.0 | Windows Windows 10 or Windows Server 2016'),
	('1663726433668829190', NULL, '2023-05-31 09:57:47.017000', 0, NULL, '2023-05-31 09:57:47.017000', 46, '127.0.0.1', '本地测试', '查询单个数据字典的值', '{}', 'GET', '/zwz/dictData/getByType/sex', '13600000001', 2, 'DICT_DATA-01', 'PC端 | Chrome 113.0.0.0 | Windows Windows 10 or Windows Server 2016'),
	('1663726433668829191', NULL, '2023-05-31 09:57:47.064000', 0, NULL, '2023-05-31 09:57:47.064000', 78, '127.0.0.1', '本地测试', '查询子部门', '{}', 'GET', '/zwz/department/getByParentId', '13600000001', 2, 'DEP-01', 'PC端 | Chrome 113.0.0.0 | Windows Windows 10 or Windows Server 2016'),
	('1663726433668829200', NULL, '2023-05-31 09:57:47.064000', 0, NULL, '2023-05-31 09:57:47.064000', 93, '127.0.0.1', '本地测试', '查询用户', '{"nickname":"","departmentId":"","pageNumber":"1","pageSize":"20","sort":"createTime","order":"desc"}', 'GET', '/zwz/user/getUserList', '13600000001', 2, 'USER-07', 'PC端 | Chrome 113.0.0.0 | Windows Windows 10 or Windows Server 2016'),
	('1663726435241693189', NULL, '2023-05-31 09:57:47.408000', 0, NULL, '2023-05-31 09:57:47.408000', 47, '127.0.0.1', '本地测试', '查询子部门', '{}', 'GET', '/zwz/department/getByParentId', '13600000001', 2, 'DEP-01', 'PC端 | Chrome 113.0.0.0 | Windows Windows 10 or Windows Server 2016'),
	('1663726439121424387', NULL, '2023-05-31 09:57:48.317000', 0, NULL, '2023-05-31 09:57:48.317000', 37, '127.0.0.1', '本地测试', '查询子部门', '{}', 'GET', '/zwz/department/getByParentId', '13600000001', 2, 'DEP-01', 'PC端 | Chrome 113.0.0.0 | Windows Windows 10 or Windows Server 2016'),
	('1663726439830261765', NULL, '2023-05-31 09:57:48.498000', 0, NULL, '2023-05-31 09:57:48.498000', 39, '127.0.0.1', '本地测试', '查询用户', '{"pageNumber":"1","pageSize":"10","sort":"createTime","order":"desc","departmentId":""}', 'GET', '/zwz/myUser/getByPage', '13600000001', 2, 'USER-01', 'PC端 | Chrome 113.0.0.0 | Windows Windows 10 or Windows Server 2016'),
	('1663726440392298499', NULL, '2023-05-31 09:57:48.629000', 0, NULL, '2023-05-31 09:57:48.629000', 40, '127.0.0.1', '本地测试', '查询子部门', '{}', 'GET', '/zwz/department/getByParentId', '13600000001', 2, 'DEP-01', 'PC端 | Chrome 113.0.0.0 | Windows Windows 10 or Windows Server 2016'),
	('1663726447891714048', NULL, '2023-05-31 09:57:50.414000', 0, NULL, '2023-05-31 09:57:50.414000', 49, '127.0.0.1', '本地测试', '查询角色', '{"pageNumber":"1","pageSize":"15","sort":"createTime","order":"desc"}', 'GET', '/zwz/role/getAllByPage', '13600000001', 2, 'ROLE-02', 'PC端 | Chrome 113.0.0.0 | Windows Windows 10 or Windows Server 2016'),
	('1663726453684047922', NULL, '2023-05-31 09:57:51.797000', 0, NULL, '2023-05-31 09:57:51.797000', 40, '127.0.0.1', '本地测试', '查询单个数据字典的值', '{}', 'GET', '/zwz/dictData/getByType/permission_type', '13600000001', 2, 'DICT_DATA-01', 'PC端 | Chrome 113.0.0.0 | Windows Windows 10 or Windows Server 2016'),
	('1663726462156541957', NULL, '2023-05-31 09:57:53.815000', 0, NULL, '2023-05-31 09:57:53.815000', 38, '127.0.0.1', '本地测试', '查询菜单权限拥有者', '{"permissionId":"1663724125664972800"}', 'GET', '/zwz/permission/getUserByPermission', '13600000001', 2, 'PERMISSION-01', 'PC端 | Chrome 113.0.0.0 | Windows Windows 10 or Windows Server 2016'),
	('1663726468418637825', NULL, '2023-05-31 09:57:55.295000', 0, NULL, '2023-05-31 09:57:55.295000', 32, '127.0.0.1', '本地测试', '查询系统文件', '{"name":"","fkey":"","type":"","pageNumber":"1","pageSize":"15","sort":"createTime","order":"desc","startDate":"","endDate":""}', 'GET', '/zwz/file/getByCondition', '13600000001', 2, 'FILE-01', 'PC端 | Chrome 113.0.0.0 | Windows Windows 10 or Windows Server 2016'),
	('1663726469140058112', NULL, '2023-05-31 09:57:55.481000', 0, NULL, '2023-05-31 09:57:55.481000', 38, '127.0.0.1', '本地测试', '查看单个配置', '{"id":"FILE_PATH"}', 'GET', '/zwz/setting/getOne', '13600000001', 2, 'SETTING-01', 'PC端 | Chrome 113.0.0.0 | Windows Windows 10 or Windows Server 2016'),
	('1663726469664346112', NULL, '2023-05-31 09:57:55.608000', 0, NULL, '2023-05-31 09:57:55.608000', 40, '127.0.0.1', '本地测试', '查看单个配置', '{"id":"FILE_HTTP"}', 'GET', '/zwz/setting/getOne', '13600000001', 2, 'SETTING-01', 'PC端 | Chrome 113.0.0.0 | Windows Windows 10 or Windows Server 2016'),
	('1663726469664346113', NULL, '2023-05-31 09:57:55.642000', 0, NULL, '2023-05-31 09:57:55.642000', 74, '127.0.0.1', '本地测试', '查看单个配置', '{"id":"FILE_VIEW"}', 'GET', '/zwz/setting/getOne', '13600000001', 2, 'SETTING-01', 'PC端 | Chrome 113.0.0.0 | Windows Windows 10 or Windows Server 2016'),
	('1663726471304318976', NULL, '2023-05-31 09:57:55.991000', 0, NULL, '2023-05-31 09:57:55.991000', 46, '127.0.0.1', '本地测试', '查询日志', '{"logType":"1","pageNumber":"1","pageSize":"15","startDate":"","endDate":"","sort":"createTime","order":"desc","ipInfo":"","key":""}', 'GET', '/zwz/log/getAllByPage', '13600000001', 2, 'LOG-01', 'PC端 | Chrome 113.0.0.0 | Windows Windows 10 or Windows Server 2016'),
	('1663726477029543936', NULL, '2023-05-31 09:57:57.355000', 0, NULL, '2023-05-31 09:57:57.355000', 34, '127.0.0.1', '本地测试', '查询所有数据字典', '{}', 'GET', '/zwz/dict/getAll', '13600000001', 2, 'DICT-01', 'PC端 | Chrome 113.0.0.0 | Windows Windows 10 or Windows Server 2016'),
	('1663726477750964239', NULL, '2023-05-31 09:57:57.539000', 0, NULL, '2023-05-31 09:57:57.539000', 42, '127.0.0.1', '本地测试', '查询数据字典值', '{"name":"","status":"","pageNumber":"1","pageSize":"10","sort":"sortOrder","order":"asc"}', 'GET', '/zwz/dictData/getByCondition', '13600000001', 2, 'DICT_DATA-02', 'PC端 | Chrome 113.0.0.0 | Windows Windows 10 or Windows Server 2016'),
	('1663726492544274432', NULL, '2023-05-31 09:58:01.055000', 0, NULL, '2023-05-31 09:58:01.055000', 41, '127.0.0.1', '本地测试', '查询个人门户菜单B', '{}', 'POST', '/zwz/myDoor/getMyDoorList6', '13600000001', 2, 'MY-DOOR-02', 'PC端 | Chrome 113.0.0.0 | Windows Windows 10 or Windows Server 2016'),
	('1663726573871828992', NULL, '2023-05-31 09:58:20.497000', 0, NULL, '2023-05-31 09:58:20.497000', 83, '127.0.0.1', '本地测试', '查看单个配置', '{"id":"FILE_PATH"}', 'GET', '/zwz/setting/getOne', '13600000001', 2, 'SETTING-01', 'PC端 | Chrome 113.0.0.0 | Windows Windows 10 or Windows Server 2016'),
	('1663726573871828993', NULL, '2023-05-31 09:58:20.498000', 0, NULL, '2023-05-31 09:58:20.498000', 85, '127.0.0.1', '本地测试', '查看单个配置', '{"id":"FILE_VIEW"}', 'GET', '/zwz/setting/getOne', '13600000001', 2, 'SETTING-01', 'PC端 | Chrome 113.0.0.0 | Windows Windows 10 or Windows Server 2016'),
	('1663726573871828994', NULL, '2023-05-31 09:58:20.498000', 0, NULL, '2023-05-31 09:58:20.498000', 85, '127.0.0.1', '本地测试', '查看单个配置', '{"id":"FILE_HTTP"}', 'GET', '/zwz/setting/getOne', '13600000001', 2, 'SETTING-01', 'PC端 | Chrome 113.0.0.0 | Windows Windows 10 or Windows Server 2016'),
	('1663726573905383424', NULL, '2023-05-31 09:58:20.507000', 0, NULL, '2023-05-31 09:58:20.507000', 94, '127.0.0.1', '本地测试', '查询系统文件', '{"name":"","fkey":"","type":"","pageNumber":"1","pageSize":"15","sort":"createTime","order":"desc","startDate":"","endDate":""}', 'GET', '/zwz/file/getByCondition', '13600000001', 2, 'FILE-01', 'PC端 | Chrome 113.0.0.0 | Windows Windows 10 or Windows Server 2016'),
	('1663726597770973184', NULL, '2023-05-31 09:58:26.177000', 0, NULL, '2023-05-31 09:58:26.177000', 82, '127.0.0.1', '本地测试', '登录系统', '{"username":"admin","password":"","code":"3565","captchaId":"b15f7c8b4f0f4b8487048d4e825750e6","saveLogin":"true"}', 'POST', '/zwz/login', 'admin', 1, '', 'PC端 | Chrome 113.0.0.0 | Windows Windows 10 or Windows Server 2016'),
	('1663726599129927682', NULL, '2023-05-31 09:58:26.475000', 0, NULL, '2023-05-31 09:58:26.475000', 40, '127.0.0.1', '本地测试', '获取当前登录用户', '{}', 'GET', '/zwz/user/info', 'admin', 2, 'USER-02', 'PC端 | Chrome 113.0.0.0 | Windows Windows 10 or Windows Server 2016'),
	('1663726600140754946', NULL, '2023-05-31 09:58:26.715000', 0, NULL, '2023-05-31 09:58:26.715000', 38, '127.0.0.1', '本地测试', '查询菜单', '{}', 'GET', '/zwz/permission/getMenuList', 'admin', 2, 'PERMISSION-02', 'PC端 | Chrome 113.0.0.0 | Windows Windows 10 or Windows Server 2016'),
	('1663726603890462720', NULL, '2023-05-31 09:58:27.608000', 0, NULL, '2023-05-31 09:58:27.608000', 41, '127.0.0.1', '本地测试', '查询菜单', '{}', 'GET', '/zwz/permission/getMenuList', 'admin', 2, 'PERMISSION-02', 'PC端 | Chrome 113.0.0.0 | Windows Windows 10 or Windows Server 2016'),
	('1663726604855152640', NULL, '2023-05-31 09:58:27.839000', 0, NULL, '2023-05-31 09:58:27.839000', 54, '127.0.0.1', '本地测试', '查询个人门户菜单B', '{}', 'POST', '/zwz/myDoor/getMyDoorList6', 'admin', 2, 'MY-DOOR-02', 'PC端 | Chrome 113.0.0.0 | Windows Windows 10 or Windows Server 2016'),
	('1663726615156363314', NULL, '2023-05-31 09:58:30.301000', 0, NULL, '2023-05-31 09:58:30.301000', 43, '127.0.0.1', '本地测试', '查询单个数据字典的值', '{}', 'GET', '/zwz/dictData/getByType/permission_type', 'admin', 2, 'DICT_DATA-01', 'PC端 | Chrome 113.0.0.0 | Windows Windows 10 or Windows Server 2016'),
	('1663726619233226752', NULL, '2023-05-31 09:58:32.277000', 0, NULL, '2023-05-31 09:58:32.277000', 1034, '127.0.0.1', '本地测试', '查看单个配置', '{"id":"FILE_PATH"}', 'GET', '/zwz/setting/getOne', 'admin', 2, 'SETTING-01', 'PC端 | Chrome 113.0.0.0 | Windows Windows 10 or Windows Server 2016'),
	('1663726619266781185', NULL, '2023-05-31 09:58:31.296000', 0, NULL, '2023-05-31 09:58:31.296000', 70, '127.0.0.1', '本地测试', '查询系统文件', '{"name":"","fkey":"","type":"","pageNumber":"1","pageSize":"15","sort":"createTime","order":"desc","startDate":"","endDate":""}', 'GET', '/zwz/file/getByCondition', 'admin', 2, 'FILE-01', 'PC端 | Chrome 113.0.0.0 | Windows Windows 10 or Windows Server 2016'),
	('1663726619711377409', NULL, '2023-05-31 09:58:31.384000', 0, NULL, '2023-05-31 09:58:31.384000', 39, '127.0.0.1', '本地测试', '查看单个配置', '{"id":"FILE_HTTP"}', 'GET', '/zwz/setting/getOne', 'admin', 2, 'SETTING-01', 'PC端 | Chrome 113.0.0.0 | Windows Windows 10 or Windows Server 2016'),
	('1663726620529266688', NULL, '2023-05-31 09:58:31.568000', 0, NULL, '2023-05-31 09:58:31.568000', 33, '127.0.0.1', '本地测试', '查看单个配置', '{"id":"FILE_VIEW"}', 'GET', '/zwz/setting/getOne', 'admin', 2, 'SETTING-01', 'PC端 | Chrome 113.0.0.0 | Windows Windows 10 or Windows Server 2016'),
	('1663726644440993795', NULL, '2023-05-31 09:58:37.277000', 0, NULL, '2023-05-31 09:58:37.277000', 49, '127.0.0.1', '本地测试', '文件上传', '{}', 'POST', '/zwz/upload/file', 'admin', 2, 'FILE-06', 'PC端 | Chrome 113.0.0.0 | Windows Windows 10 or Windows Server 2016'),
	('1663726646047412227', NULL, '2023-05-31 09:58:37.656000', 0, NULL, '2023-05-31 09:58:37.656000', 39, '127.0.0.1', '本地测试', '查询系统文件', '{"name":"","fkey":"","type":"","pageNumber":"1","pageSize":"15","sort":"createTime","order":"desc","startDate":"","endDate":""}', 'GET', '/zwz/file/getByCondition', 'admin', 2, 'FILE-01', 'PC端 | Chrome 113.0.0.0 | Windows Windows 10 or Windows Server 2016'),
	('1663726667237036035', NULL, '2023-05-31 09:58:42.756000', 0, NULL, '2023-05-31 09:58:42.756000', 90, '127.0.0.1', '本地测试', '文件上传', '{}', 'POST', '/zwz/upload/file', 'admin', 2, 'FILE-06', 'PC端 | Chrome 113.0.0.0 | Windows Windows 10 or Windows Server 2016'),
	('1663726669019615239', NULL, '2023-05-31 09:58:43.137000', 0, NULL, '2023-05-31 09:58:43.137000', 40, '127.0.0.1', '本地测试', '查询系统文件', '{"name":"","fkey":"","type":"","pageNumber":"1","pageSize":"15","sort":"createTime","order":"desc","startDate":"","endDate":""}', 'GET', '/zwz/file/getByCondition', 'admin', 2, 'FILE-01', 'PC端 | Chrome 113.0.0.0 | Windows Windows 10 or Windows Server 2016'),
	('1663726703417102336', NULL, '2023-05-31 09:58:51.380000', 0, NULL, '2023-05-31 09:58:51.380000', 89, '127.0.0.1', '本地测试', '文件上传', '{}', 'POST', '/zwz/upload/file', 'admin', 2, 'FILE-06', 'PC端 | Chrome 113.0.0.0 | Windows Windows 10 or Windows Server 2016'),
	('1663726705170321417', NULL, '2023-05-31 09:58:51.757000', 0, NULL, '2023-05-31 09:58:51.757000', 40, '127.0.0.1', '本地测试', '查询系统文件', '{"name":"","fkey":"","type":"","pageNumber":"1","pageSize":"15","sort":"createTime","order":"desc","startDate":"","endDate":""}', 'GET', '/zwz/file/getByCondition', 'admin', 2, 'FILE-01', 'PC端 | Chrome 113.0.0.0 | Windows Windows 10 or Windows Server 2016'),
	('1663727083915972615', NULL, '2023-05-31 10:00:22.106000', 0, NULL, '2023-05-31 10:00:22.106000', 87, '127.0.0.1', '本地测试', '文件上传', '{}', 'POST', '/zwz/upload/file', 'admin', 2, 'FILE-06', 'PC端 | Chrome 113.0.0.0 | Windows Windows 10 or Windows Server 2016'),
	('1663727084918411274', NULL, '2023-05-31 10:00:22.296000', 0, NULL, '2023-05-31 10:00:22.296000', 40, '127.0.0.1', '本地测试', '查询系统文件', '{"name":"","fkey":"","type":"","pageNumber":"1","pageSize":"15","sort":"createTime","order":"desc","startDate":"","endDate":""}', 'GET', '/zwz/file/getByCondition', 'admin', 2, 'FILE-01', 'PC端 | Chrome 113.0.0.0 | Windows Windows 10 or Windows Server 2016'),
	('1663727107987083323', NULL, '2023-05-31 10:00:27.837000', 0, NULL, '2023-05-31 10:00:27.837000', 87, '127.0.0.1', '本地测试', '查询角色', '{"pageNumber":"1","pageSize":"15","sort":"createTime","order":"desc"}', 'GET', '/zwz/role/getAllByPage', 'admin', 2, 'ROLE-02', 'PC端 | Chrome 113.0.0.0 | Windows Windows 10 or Windows Server 2016'),
	('1663727119143931904', NULL, '2023-05-31 10:00:30.452000', 0, NULL, '2023-05-31 10:00:30.452000', 41, '127.0.0.1', '本地测试', '查询子部门', '{}', 'GET', '/zwz/department/getByParentId', 'admin', 2, 'DEP-01', 'PC端 | Chrome 113.0.0.0 | Windows Windows 10 or Windows Server 2016'),
	('1663727119865352197', NULL, '2023-05-31 10:00:30.634000', 0, NULL, '2023-05-31 10:00:30.634000', 44, '127.0.0.1', '本地测试', '查询用户', '{"pageNumber":"1","pageSize":"10","sort":"createTime","order":"desc","departmentId":""}', 'GET', '/zwz/myUser/getByPage', 'admin', 2, 'USER-01', 'PC端 | Chrome 113.0.0.0 | Windows Windows 10 or Windows Server 2016'),
	('1663727120423194624', NULL, '2023-05-31 10:00:30.758000', 0, NULL, '2023-05-31 10:00:30.758000', 40, '127.0.0.1', '本地测试', '查询子部门', '{}', 'GET', '/zwz/department/getByParentId', 'admin', 2, 'DEP-01', 'PC端 | Chrome 113.0.0.0 | Windows Windows 10 or Windows Server 2016'),
	('1663727120628715521', NULL, '2023-05-31 10:00:30.808000', 0, NULL, '2023-05-31 10:00:30.808000', 41, '127.0.0.1', '本地测试', '查询系统文件', '{"name":"","fkey":"","type":"","pageNumber":"1","pageSize":"15","sort":"createTime","order":"desc","startDate":"","endDate":""}', 'GET', '/zwz/file/getByCondition', 'admin', 2, 'FILE-01', 'PC端 | Chrome 113.0.0.0 | Windows Windows 10 or Windows Server 2016'),
	('1663727120825847808', NULL, '2023-05-31 10:00:30.882000', 0, NULL, '2023-05-31 10:00:30.882000', 64, '127.0.0.1', '本地测试', '查看单个配置', '{"id":"FILE_PATH"}', 'GET', '/zwz/setting/getOne', 'admin', 2, 'SETTING-01', 'PC端 | Chrome 113.0.0.0 | Windows Windows 10 or Windows Server 2016'),
	('1663727120825847809', NULL, '2023-05-31 10:00:30.900000', 0, NULL, '2023-05-31 10:00:30.900000', 81, '127.0.0.1', '本地测试', '查看单个配置', '{"id":"FILE_VIEW"}', 'GET', '/zwz/setting/getOne', 'admin', 2, 'SETTING-01', 'PC端 | Chrome 113.0.0.0 | Windows Windows 10 or Windows Server 2016'),
	('1663727120825847810', NULL, '2023-05-31 10:00:30.854000', 0, NULL, '2023-05-31 10:00:30.854000', 37, '127.0.0.1', '本地测试', '查看单个配置', '{"id":"FILE_HTTP"}', 'GET', '/zwz/setting/getOne', 'admin', 2, 'SETTING-01', 'PC端 | Chrome 113.0.0.0 | Windows Windows 10 or Windows Server 2016'),
	('1663727125590577152', NULL, '2023-05-31 10:00:31.991000', 0, NULL, '2023-05-31 10:00:31.991000', 38, '127.0.0.1', '本地测试', '查询全部角色', '{}', 'GET', '/zwz/role/getAllList', 'admin', 2, 'ROLE-01', 'PC端 | Chrome 113.0.0.0 | Windows Windows 10 or Windows Server 2016'),
	('1663727125590577156', NULL, '2023-05-31 10:00:31.986000', 0, NULL, '2023-05-31 10:00:31.986000', 38, '127.0.0.1', '本地测试', '查询子部门', '{}', 'GET', '/zwz/department/getByParentId', 'admin', 2, 'DEP-01', 'PC端 | Chrome 113.0.0.0 | Windows Windows 10 or Windows Server 2016'),
	('1663727125603160064', NULL, '2023-05-31 10:00:32.304000', 0, NULL, '2023-05-31 10:00:32.304000', 351, '127.0.0.1', '本地测试', '查询单个数据字典的值', '{}', 'GET', '/zwz/dictData/getByType/sex', 'admin', 2, 'DICT_DATA-01', 'PC端 | Chrome 113.0.0.0 | Windows Windows 10 or Windows Server 2016'),
	('1663727125653491712', NULL, '2023-05-31 10:00:32.036000', 0, NULL, '2023-05-31 10:00:32.036000', 80, '127.0.0.1', '本地测试', '查询用户', '{"nickname":"","departmentId":"","pageNumber":"1","pageSize":"20","sort":"createTime","order":"desc"}', 'GET', '/zwz/user/getUserList', 'admin', 2, 'USER-07', 'PC端 | Chrome 113.0.0.0 | Windows Windows 10 or Windows Server 2016'),
	('1663727127058583552', NULL, '2023-05-31 10:00:32.340000', 0, NULL, '2023-05-31 10:00:32.340000', 43, '127.0.0.1', '本地测试', '查询子部门', '{}', 'GET', '/zwz/department/getByParentId', 'admin', 2, 'DEP-01', 'PC端 | Chrome 113.0.0.0 | Windows Windows 10 or Windows Server 2016'),
	('1663727136550293504', NULL, '2023-05-31 10:00:34.599000', 0, NULL, '2023-05-31 10:00:34.599000', 41, '127.0.0.1', '本地测试', '查询个人门户菜单B', '{}', 'POST', '/zwz/myDoor/getMyDoorList6', 'admin', 2, 'MY-DOOR-02', 'PC端 | Chrome 113.0.0.0 | Windows Windows 10 or Windows Server 2016'),
	('1663727145916174339', NULL, '2023-05-31 10:00:36.833000', 0, NULL, '2023-05-31 10:00:36.833000', 35, '127.0.0.1', '本地测试', '查询单个数据字典的值', '{}', 'GET', '/zwz/dictData/getByType/sex', 'admin', 2, 'DICT_DATA-01', 'PC端 | Chrome 113.0.0.0 | Windows Windows 10 or Windows Server 2016'),
	('1663727146838921216', NULL, '2023-05-31 10:00:37.058000', 0, NULL, '2023-05-31 10:00:37.058000', 43, '127.0.0.1', '本地测试', '查询学生', '{"pageNumber":"1","pageSize":"15","sort":"createTime","order":"desc"}', 'GET', '/zwz/student/getByPage', 'admin', 3, 'STUDENT-04', 'PC端 | Chrome 113.0.0.0 | Windows Windows 10 or Windows Server 2016'),
	('1663727148168515584', NULL, '2023-05-31 10:00:37.371000', 0, NULL, '2023-05-31 10:00:37.371000', 38, '127.0.0.1', '本地测试', '查询单个数据字典的值', '{}', 'GET', '/zwz/dictData/getByType/education', 'admin', 2, 'DICT_DATA-01', 'PC端 | Chrome 113.0.0.0 | Windows Windows 10 or Windows Server 2016'),
	('1663727148185292800', NULL, '2023-05-31 10:00:37.377000', 0, NULL, '2023-05-31 10:00:37.377000', 43, '127.0.0.1', '本地测试', '查询教师', '{"pageNumber":"1","pageSize":"15","sort":"createTime","order":"desc"}', 'GET', '/zwz/teacher/getByPage', 'admin', 3, 'TEACHER-04', 'PC端 | Chrome 113.0.0.0 | Windows Windows 10 or Windows Server 2016'),
	('1663727154430611456', NULL, '2023-05-31 10:00:38.857000', 0, NULL, '2023-05-31 10:00:38.857000', 35, '127.0.0.1', '本地测试', '查询个人门户菜单B', '{}', 'POST', '/zwz/myDoor/getMyDoorList6', 'admin', 2, 'MY-DOOR-02', 'PC端 | Chrome 113.0.0.0 | Windows Windows 10 or Windows Server 2016'),
	('1663727315357667328', NULL, '2023-05-31 10:01:17.257000', 0, NULL, '2023-05-31 10:01:17.257000', 60, '127.0.0.1', '本地测试', '登录系统', '{"username":"admin","password":"","code":"0285","captchaId":"730a4ea79b3844d0adc1d059bfac80ba","saveLogin":"true"}', 'POST', '/zwz/login', 'admin', 1, '', 'PC端 | Chrome 113.0.0.0 | Windows Windows 10 or Windows Server 2016'),
	('1663727316108447746', NULL, '2023-05-31 10:01:17.412000', 0, NULL, '2023-05-31 10:01:17.412000', 36, '127.0.0.1', '本地测试', '获取当前登录用户', '{}', 'GET', '/zwz/user/info', 'admin', 2, 'USER-02', 'PC端 | Chrome 113.0.0.0 | Windows Windows 10 or Windows Server 2016'),
	('1663727316699844610', NULL, '2023-05-31 10:01:17.536000', 0, NULL, '2023-05-31 10:01:17.536000', 24, '127.0.0.1', '本地测试', '查询菜单', '{}', 'GET', '/zwz/permission/getMenuList', 'admin', 2, 'PERMISSION-02', 'PC端 | Chrome 113.0.0.0 | Windows Windows 10 or Windows Server 2016'),
	('1663727321011589120', NULL, '2023-05-31 10:01:18.567000', 0, NULL, '2023-05-31 10:01:18.567000', 24, '127.0.0.1', '本地测试', '查询菜单', '{}', 'GET', '/zwz/permission/getMenuList', 'admin', 2, 'PERMISSION-02', 'PC端 | Chrome 113.0.0.0 | Windows Windows 10 or Windows Server 2016'),
	('1663727321938530304', NULL, '2023-05-31 10:01:18.789000', 0, NULL, '2023-05-31 10:01:18.789000', 33, '127.0.0.1', '本地测试', '查询个人门户菜单B', '{}', 'POST', '/zwz/myDoor/getMyDoorList6', 'admin', 2, 'MY-DOOR-02', 'PC端 | Chrome 113.0.0.0 | Windows Windows 10 or Windows Server 2016'),
	('1663727386740527104', NULL, '2023-05-31 10:01:34.279000', 0, NULL, '2023-05-31 10:01:34.279000', 65, '127.0.0.1', '本地测试', '查询单个数据字典的值', '{}', 'GET', '/zwz/dictData/getByType/sex', 'admin', 2, 'DICT_DATA-01', 'PC端 | Chrome 113.0.0.0 | Windows Windows 10 or Windows Server 2016'),
	('1663727425667862528', NULL, '2023-05-31 10:01:43.547000', 0, NULL, '2023-05-31 10:01:43.547000', 60, '127.0.0.1', '本地测试', '修改个人门户菜单', '{"str":"user-adminZWZ666department-adminZWZ666file-adminZWZ666role-manageZWZ666menu-manageZWZ666log-manage"}', 'POST', '/zwz/myDoor/setMyDoorList', 'admin', 2, 'MY-DOOR-03', 'PC端 | Chrome 113.0.0.0 | Windows Windows 10 or Windows Server 2016'),
	('1663727429497262081', NULL, '2023-05-31 10:01:44.457000', 0, NULL, '2023-05-31 10:01:44.457000', 53, '127.0.0.1', '本地测试', '查询个人门户菜单B', '{}', 'POST', '/zwz/myDoor/getMyDoorList6', 'admin', 2, 'MY-DOOR-02', 'PC端 | Chrome 113.0.0.0 | Windows Windows 10 or Windows Server 2016'),
	('1663727475873681408', NULL, '2023-05-31 10:01:55.553000', 0, NULL, '2023-05-31 10:01:55.553000', 71, '127.0.0.1', '本地测试', '查询全部角色', '{}', 'GET', '/zwz/role/getAllList', 'admin', 2, 'ROLE-01', 'PC端 | Chrome 113.0.0.0 | Windows Windows 10 or Windows Server 2016'),
	('1663727475877875714', NULL, '2023-05-31 10:01:55.537000', 0, NULL, '2023-05-31 10:01:55.537000', 72, '127.0.0.1', '本地测试', '查询单个数据字典的值', '{}', 'GET', '/zwz/dictData/getByType/sex', 'admin', 2, 'DICT_DATA-01', 'PC端 | Chrome 113.0.0.0 | Windows Windows 10 or Windows Server 2016'),
	('1663727475886264320', NULL, '2023-05-31 10:01:55.537000', 0, NULL, '2023-05-31 10:01:55.537000', 73, '127.0.0.1', '本地测试', '查询子部门', '{}', 'GET', '/zwz/department/getByParentId', 'admin', 2, 'DEP-01', 'PC端 | Chrome 113.0.0.0 | Windows Windows 10 or Windows Server 2016'),
	('1663727475924013056', NULL, '2023-05-31 10:01:55.557000', 0, NULL, '2023-05-31 10:01:55.557000', 87, '127.0.0.1', '本地测试', '查询用户', '{"nickname":"","departmentId":"","pageNumber":"1","pageSize":"20","sort":"createTime","order":"desc"}', 'GET', '/zwz/user/getUserList', 'admin', 2, 'USER-07', 'PC端 | Chrome 113.0.0.0 | Windows Windows 10 or Windows Server 2016'),
	('1663727477576568832', NULL, '2023-05-31 10:01:55.896000', 0, NULL, '2023-05-31 10:01:55.896000', 32, '127.0.0.1', '本地测试', '查询子部门', '{}', 'GET', '/zwz/department/getByParentId', 'admin', 2, 'DEP-01', 'PC端 | Chrome 113.0.0.0 | Windows Windows 10 or Windows Server 2016'),
	('1663727607927148544', NULL, '2023-05-31 10:02:27.054000', 0, NULL, '2023-05-31 10:02:27.054000', 91, '127.0.0.1', '本地测试', '查询单个数据字典的值', '{}', 'GET', '/zwz/dictData/getByType/sex', 'admin', 2, 'DICT_DATA-01', 'PC端 | Chrome 113.0.0.0 | Windows Windows 10 or Windows Server 2016'),
	('1663727608640180229', NULL, '2023-05-31 10:02:27.167000', 0, NULL, '2023-05-31 10:02:27.167000', 43, '127.0.0.1', '本地测试', '查询子部门', '{}', 'GET', '/zwz/department/getByParentId', 'admin', 2, 'DEP-01', 'PC端 | Chrome 113.0.0.0 | Windows Windows 10 or Windows Server 2016'),
	('1663727608975724546', NULL, '2023-05-31 10:02:27.243000', 0, NULL, '2023-05-31 10:02:27.243000', 41, '127.0.0.1', '本地测试', '查询全部角色', '{}', 'GET', '/zwz/role/getAllList', 'admin', 2, 'ROLE-01', 'PC端 | Chrome 113.0.0.0 | Windows Windows 10 or Windows Server 2016'),
	('1663727668492898307', NULL, '2023-05-31 10:02:41.457000', 0, NULL, '2023-05-31 10:02:41.457000', 70, '127.0.0.1', '本地测试', '查询子部门', '{}', 'GET', '/zwz/department/getByParentId', 'admin', 2, 'DEP-01', 'PC端 | Chrome 113.0.0.0 | Windows Windows 10 or Windows Server 2016'),
	('1663727668518064132', NULL, '2023-05-31 10:02:41.457000', 0, NULL, '2023-05-31 10:02:41.457000', 69, '127.0.0.1', '本地测试', '查询用户', '{"pageNumber":"1","pageSize":"10","sort":"createTime","order":"desc","departmentId":""}', 'GET', '/zwz/myUser/getByPage', 'admin', 2, 'USER-01', 'PC端 | Chrome 113.0.0.0 | Windows Windows 10 or Windows Server 2016'),
	('1663727670137065475', NULL, '2023-05-31 10:02:41.817000', 0, NULL, '2023-05-31 10:02:41.817000', 37, '127.0.0.1', '本地测试', '查询子部门', '{}', 'GET', '/zwz/department/getByParentId', 'admin', 2, 'DEP-01', 'PC端 | Chrome 113.0.0.0 | Windows Windows 10 or Windows Server 2016'),
	('1663727719944425472', NULL, '2023-05-31 10:02:53.898000', 0, NULL, '2023-05-31 10:02:53.898000', 245, '127.0.0.1', '本地测试', '查询系统文件', '{"name":"","fkey":"","type":"","pageNumber":"1","pageSize":"15","sort":"createTime","order":"desc","startDate":"","endDate":""}', 'GET', '/zwz/file/getByCondition', 'admin', 2, 'FILE-01', 'PC端 | Chrome 113.0.0.0 | Windows Windows 10 or Windows Server 2016'),
	('1663727721177550851', NULL, '2023-05-31 10:02:54.356000', 0, NULL, '2023-05-31 10:02:54.356000', 405, '127.0.0.1', '本地测试', '查看单个配置', '{"id":"FILE_HTTP"}', 'GET', '/zwz/setting/getOne', 'admin', 2, 'SETTING-01', 'PC端 | Chrome 113.0.0.0 | Windows Windows 10 or Windows Server 2016'),
	('1663727721177550852', NULL, '2023-05-31 10:02:54.005000', 0, NULL, '2023-05-31 10:02:54.005000', 52, '127.0.0.1', '本地测试', '查看单个配置', '{"id":"FILE_VIEW"}', 'GET', '/zwz/setting/getOne', 'admin', 2, 'SETTING-01', 'PC端 | Chrome 113.0.0.0 | Windows Windows 10 or Windows Server 2016'),
	('1663727721177550853', NULL, '2023-05-31 10:02:54.130000', 0, NULL, '2023-05-31 10:02:54.130000', 176, '127.0.0.1', '本地测试', '查看单个配置', '{"id":"FILE_PATH"}', 'GET', '/zwz/setting/getOne', 'admin', 2, 'SETTING-01', 'PC端 | Chrome 113.0.0.0 | Windows Windows 10 or Windows Server 2016'),
	('1663727755604398080', NULL, '2023-05-31 10:03:02.233000', 0, NULL, '2023-05-31 10:03:02.233000', 85, '127.0.0.1', '本地测试', '查询角色', '{"pageNumber":"1","pageSize":"15","sort":"createTime","order":"desc"}', 'GET', '/zwz/role/getAllByPage', 'admin', 2, 'ROLE-02', 'PC端 | Chrome 113.0.0.0 | Windows Windows 10 or Windows Server 2016'),
	('1663727814467260417', NULL, '2023-05-31 10:03:16.274000', 0, NULL, '2023-05-31 10:03:16.274000', 82, '127.0.0.1', '本地测试', '查询单个数据字典的值', '{}', 'GET', '/zwz/dictData/getByType/permission_type', 'admin', 2, 'DICT_DATA-01', 'PC端 | Chrome 113.0.0.0 | Windows Windows 10 or Windows Server 2016'),
	('1663727821895372814', NULL, '2023-05-31 10:03:18.013000', 0, NULL, '2023-05-31 10:03:18.013000', 50, '127.0.0.1', '本地测试', '查询菜单权限拥有者', '{"permissionId":"40238597734928384"}', 'GET', '/zwz/permission/getUserByPermission', 'admin', 2, 'PERMISSION-01', 'PC端 | Chrome 113.0.0.0 | Windows Windows 10 or Windows Server 2016'),
	('1663727841495355400', NULL, '2023-05-31 10:03:22.698000', 0, NULL, '2023-05-31 10:03:22.698000', 75, '127.0.0.1', '本地测试', '查询菜单权限拥有者', '{"permissionId":"56309618086776832"}', 'GET', '/zwz/permission/getUserByPermission', 'admin', 2, 'PERMISSION-01', 'PC端 | Chrome 113.0.0.0 | Windows Windows 10 or Windows Server 2016'),
	('1663727889293643779', NULL, '2023-05-31 10:03:34.098000', 0, NULL, '2023-05-31 10:03:34.098000', 74, '127.0.0.1', '本地测试', '查询日志', '{"logType":"1","pageNumber":"1","pageSize":"15","startDate":"","endDate":"","sort":"createTime","order":"desc","ipInfo":"","key":""}', 'GET', '/zwz/log/getAllByPage', 'admin', 2, 'LOG-01', 'PC端 | Chrome 113.0.0.0 | Windows Windows 10 or Windows Server 2016'),
	('1663727926211907587', NULL, '2023-05-31 10:03:42.878000', 0, NULL, '2023-05-31 10:03:42.878000', 43, '127.0.0.1', '本地测试', '查询所有数据字典', '{}', 'GET', '/zwz/dict/getAll', 'admin', 2, 'DICT-01', 'PC端 | Chrome 113.0.0.0 | Windows Windows 10 or Windows Server 2016'),
	('1663727926891384847', NULL, '2023-05-31 10:03:43.027000', 0, NULL, '2023-05-31 10:03:43.027000', 28, '127.0.0.1', '本地测试', '查询数据字典值', '{"name":"","status":"","pageNumber":"1","pageSize":"10","sort":"sortOrder","order":"asc"}', 'GET', '/zwz/dictData/getByCondition', 'admin', 2, 'DICT_DATA-02', 'PC端 | Chrome 113.0.0.0 | Windows Windows 10 or Windows Server 2016'),
	('1663727998651731968', NULL, '2023-05-31 10:04:00.170000', 0, NULL, '2023-05-31 10:04:00.170000', 64, '127.0.0.1', '本地测试', '查询所有数据字典', '{}', 'GET', '/zwz/dict/getAll', 'admin', 2, 'DICT-01', 'PC端 | Chrome 113.0.0.0 | Windows Windows 10 or Windows Server 2016'),
	('1663727999771611136', NULL, '2023-05-31 10:04:00.398000', 0, NULL, '2023-05-31 10:04:00.398000', 42, '127.0.0.1', '本地测试', '查询数据字典值', '{"name":"","status":"","pageNumber":"1","pageSize":"10","sort":"sortOrder","order":"asc"}', 'GET', '/zwz/dictData/getByCondition', 'admin', 2, 'DICT_DATA-02', 'PC端 | Chrome 113.0.0.0 | Windows Windows 10 or Windows Server 2016'),
	('1663728074610577408', NULL, '2023-05-31 10:04:18.258000', 0, NULL, '2023-05-31 10:04:18.258000', 48, '127.0.0.1', '本地测试', '查询个人门户菜单B', '{}', 'POST', '/zwz/myDoor/getMyDoorList6', 'admin', 2, 'MY-DOOR-02', 'PC端 | Chrome 113.0.0.0 | Windows Windows 10 or Windows Server 2016'),
	('1663728085327024135', NULL, '2023-05-31 10:04:20.798000', 0, NULL, '2023-05-31 10:04:20.798000', 29, '127.0.0.1', '本地测试', '查询学生', '{"pageNumber":"1","pageSize":"15","sort":"createTime","order":"desc"}', 'GET', '/zwz/student/getByPage', 'admin', 3, 'STUDENT-04', 'PC端 | Chrome 113.0.0.0 | Windows Windows 10 or Windows Server 2016'),
	('1663728085327024136', NULL, '2023-05-31 10:04:20.820000', 0, NULL, '2023-05-31 10:04:20.820000', 53, '127.0.0.1', '本地测试', '查询单个数据字典的值', '{}', 'GET', '/zwz/dictData/getByType/sex', 'admin', 2, 'DICT_DATA-01', 'PC端 | Chrome 113.0.0.0 | Windows Windows 10 or Windows Server 2016'),
	('1663728097435979776', NULL, '2023-05-31 10:04:23.682000', 0, NULL, '2023-05-31 10:04:23.682000', 26, '127.0.0.1', '本地测试', '查询菜单', '{}', 'GET', '/zwz/permission/getMenuList', 'admin', 2, 'PERMISSION-02', 'PC端 | Chrome 113.0.0.0 | Windows Windows 10 or Windows Server 2016'),
	('1663728098266451968', NULL, '2023-05-31 10:04:23.884000', 0, NULL, '2023-05-31 10:04:23.884000', 31, '127.0.0.1', '本地测试', '查询单个数据字典的值', '{}', 'GET', '/zwz/dictData/getByType/sex', 'admin', 2, 'DICT_DATA-01', 'PC端 | Chrome 113.0.0.0 | Windows Windows 10 or Windows Server 2016'),
	('1663728098878820352', NULL, '2023-05-31 10:04:24.028000', 0, NULL, '2023-05-31 10:04:24.028000', 27, '127.0.0.1', '本地测试', '查询学生', '{"pageNumber":"1","pageSize":"15","sort":"createTime","order":"desc"}', 'GET', '/zwz/student/getByPage', 'admin', 3, 'STUDENT-04', 'PC端 | Chrome 113.0.0.0 | Windows Windows 10 or Windows Server 2016'),
	('1663728123558105088', NULL, '2023-05-31 10:04:29.940000', 0, NULL, '2023-05-31 10:04:29.940000', 58, '127.0.0.1', '本地测试', '查询菜单', '{}', 'GET', '/zwz/permission/getMenuList', 'admin', 2, 'PERMISSION-02', 'PC端 | Chrome 113.0.0.0 | Windows Windows 10 or Windows Server 2016'),
	('1663728124627652608', NULL, '2023-05-31 10:04:30.166000', 0, NULL, '2023-05-31 10:04:30.166000', 27, '127.0.0.1', '本地测试', '查询单个数据字典的值', '{}', 'GET', '/zwz/dictData/getByType/sex', 'admin', 2, 'DICT_DATA-01', 'PC端 | Chrome 113.0.0.0 | Windows Windows 10 or Windows Server 2016'),
	('1663728124631846916', NULL, '2023-05-31 10:04:30.205000', 0, NULL, '2023-05-31 10:04:30.205000', 65, '127.0.0.1', '本地测试', '查询学生', '{"pageNumber":"1","pageSize":"15","sort":"createTime","order":"desc"}', 'GET', '/zwz/student/getByPage', 'admin', 3, 'STUDENT-04', 'PC端 | Chrome 113.0.0.0 | Windows Windows 10 or Windows Server 2016'),
	('1663728159364878336', NULL, '2023-05-31 10:04:38.475000', 0, NULL, '2023-05-31 10:04:38.475000', 55, '127.0.0.1', '本地测试', '查询菜单', '{}', 'GET', '/zwz/permission/getMenuList', 'admin', 2, 'PERMISSION-02', 'PC端 | Chrome 113.0.0.0 | Windows Windows 10 or Windows Server 2016'),
	('1663728160258265090', NULL, '2023-05-31 10:04:38.658000', 0, NULL, '2023-05-31 10:04:38.658000', 25, '127.0.0.1', '本地测试', '查询单个数据字典的值', '{}', 'GET', '/zwz/dictData/getByType/sex', 'admin', 2, 'DICT_DATA-01', 'PC端 | Chrome 113.0.0.0 | Windows Windows 10 or Windows Server 2016'),
	('1663728160262459392', NULL, '2023-05-31 10:04:38.694000', 0, NULL, '2023-05-31 10:04:38.694000', 61, '127.0.0.1', '本地测试', '查询学生', '{"pageNumber":"1","pageSize":"15","sort":"createTime","order":"desc"}', 'GET', '/zwz/student/getByPage', 'admin', 3, 'STUDENT-04', 'PC端 | Chrome 113.0.0.0 | Windows Windows 10 or Windows Server 2016'),
	('1663728200636829696', NULL, '2023-05-31 10:04:48.338000', 0, NULL, '2023-05-31 10:04:48.338000', 78, '127.0.0.1', '本地测试', '查询单个数据字典的值', '{}', 'GET', '/zwz/dictData/getByType/education', 'admin', 2, 'DICT_DATA-01', 'PC端 | Chrome 113.0.0.0 | Windows Windows 10 or Windows Server 2016'),
	('1663728201391804416', NULL, '2023-05-31 10:04:48.483000', 0, NULL, '2023-05-31 10:04:48.483000', 43, '127.0.0.1', '本地测试', '查询教师', '{"pageNumber":"1","pageSize":"15","sort":"createTime","order":"desc"}', 'GET', '/zwz/teacher/getByPage', 'admin', 3, 'TEACHER-04', 'PC端 | Chrome 113.0.0.0 | Windows Windows 10 or Windows Server 2016'),
	('1663728217149804544', NULL, '2023-05-31 10:04:52.222000', 0, NULL, '2023-05-31 10:04:52.222000', 26, '127.0.0.1', '本地测试', '查询单个数据字典的值', '{}', 'GET', '/zwz/dictData/getByType/occupationStatus', 'admin', 2, 'DICT_DATA-01', 'PC端 | Chrome 113.0.0.0 | Windows Windows 10 or Windows Server 2016'),
	('1663728217149804545', NULL, '2023-05-31 10:04:52.283000', 0, NULL, '2023-05-31 10:04:52.283000', 85, '127.0.0.1', '本地测试', '查询单个数据字典的值', '{}', 'GET', '/zwz/dictData/getByType/education', 'admin', 2, 'DICT_DATA-01', 'PC端 | Chrome 113.0.0.0 | Windows Windows 10 or Windows Server 2016'),
	('1663728328173031427', NULL, '2023-05-31 10:05:18.800000', 0, NULL, '2023-05-31 10:05:18.800000', 136, '127.0.0.1', '本地测试', '文件上传', '{}', 'POST', '/zwz/upload/file', 'admin', 2, 'FILE-06', 'PC端 | Chrome 113.0.0.0 | Windows Windows 10 or Windows Server 2016'),
	('1663728342806958080', NULL, '2023-05-31 10:05:22.200000', 0, NULL, '2023-05-31 10:05:22.200000', 54, '127.0.0.1', '本地测试', '文件上传', '{}', 'POST', '/zwz/upload/file', 'admin', 2, 'FILE-06', 'PC端 | Chrome 113.0.0.0 | Windows Windows 10 or Windows Server 2016'),
	('1663728348758675458', NULL, '2023-05-31 10:05:23.619000', 0, NULL, '2023-05-31 10:05:23.619000', 40, '127.0.0.1', '本地测试', '编辑教师', '{"id":"1536614275123122176","updateBy":"admin","updateTime":"2022-06-14 15:41:09","createBy":"admin","createTime":"2022-06-14 15:39:26","delFlag":"0","name":"张三","education":"博士","age":"30","graduated":"同济大学","wages":"9960","status":"在职","autograph":"http://127.0.0.1:8080/zwz/file/view/1663728328143671296","resume":"http://127.0.0.1:8080/zwz/file/view/1663728342752432128","remark":"测试","_index":"0","_rowKey":"5"}', 'POST', '/zwz/teacher/update', 'admin', 3, 'TEACHER-07', 'PC端 | Chrome 113.0.0.0 | Windows Windows 10 or Windows Server 2016'),
	('1663728349849194502', NULL, '2023-05-31 10:05:23.879000', 0, NULL, '2023-05-31 10:05:23.879000', 40, '127.0.0.1', '本地测试', '查询教师', '{"pageNumber":"1","pageSize":"15","sort":"createTime","order":"desc"}', 'GET', '/zwz/teacher/getByPage', 'admin', 3, 'TEACHER-04', 'PC端 | Chrome 113.0.0.0 | Windows Windows 10 or Windows Server 2016'),
	('1663728595199201280', NULL, '2023-05-31 10:06:22.412000', 0, NULL, '2023-05-31 10:06:22.412000', 81, '127.0.0.1', '本地测试', '查询菜单', '{}', 'GET', '/zwz/permission/getMenuList', 'admin', 2, 'PERMISSION-02', 'PC端 | Chrome 113.0.0.0 | Windows Windows 10 or Windows Server 2016'),
	('1663728596642041856', NULL, '2023-05-31 10:06:22.720000', 0, NULL, '2023-05-31 10:06:22.720000', 45, '127.0.0.1', '本地测试', '查询单个数据字典的值', '{}', 'GET', '/zwz/dictData/getByType/education', 'admin', 2, 'DICT_DATA-01', 'PC端 | Chrome 113.0.0.0 | Windows Windows 10 or Windows Server 2016'),
	('1663728596658819072', NULL, '2023-05-31 10:06:22.771000', 0, NULL, '2023-05-31 10:06:22.771000', 90, '127.0.0.1', '本地测试', '查询教师', '{"pageNumber":"1","pageSize":"15","sort":"createTime","order":"desc"}', 'GET', '/zwz/teacher/getByPage', 'admin', 3, 'TEACHER-04', 'PC端 | Chrome 113.0.0.0 | Windows Windows 10 or Windows Server 2016'),
	('1663728761247502336', NULL, '2023-05-31 10:07:02.019000', 0, NULL, '2023-05-31 10:07:02.019000', 98, '127.0.0.1', '本地测试', '查询图表数据', '{}', 'GET', '/zwz/teacher/getAntvVoList', 'admin', 4, 'CHART-01', 'PC端 | Chrome 113.0.0.0 | Windows Windows 10 or Windows Server 2016'),
	('1663728778884550680', NULL, '2023-05-31 10:07:06.159000', 0, NULL, '2023-05-31 10:07:06.159000', 42, '127.0.0.1', '本地测试', '查询个人门户菜单B', '{}', 'POST', '/zwz/myDoor/getMyDoorList6', 'admin', 2, 'MY-DOOR-02', 'PC端 | Chrome 113.0.0.0 | Windows Windows 10 or Windows Server 2016'),
	('1663728795061981187', NULL, '2023-05-31 10:07:10.020000', 0, NULL, '2023-05-31 10:07:10.020000', 38, '127.0.0.1', '本地测试', '查询单个数据字典的值', '{}', 'GET', '/zwz/dictData/getByType/sex', 'admin', 2, 'DICT_DATA-01', 'PC端 | Chrome 113.0.0.0 | Windows Windows 10 or Windows Server 2016'),
	('1663728874523070464', NULL, '2023-05-31 10:07:28.992000', 0, NULL, '2023-05-31 10:07:28.992000', 62, '127.0.0.1', '本地测试', '查询单个数据字典的值', '{}', 'GET', '/zwz/dictData/getByType/sex', 'admin', 2, 'DICT_DATA-01', 'PC端 | Chrome 113.0.0.0 | Windows Windows 10 or Windows Server 2016'),
	('1663728944442118144', NULL, '2023-05-31 10:07:45.680000', 0, NULL, '2023-05-31 10:07:45.680000', 95, '127.0.0.1', '本地测试', '查询个人门户菜单B', '{}', 'POST', '/zwz/myDoor/getMyDoorList6', 'admin', 2, 'MY-DOOR-02', 'PC端 | Chrome 113.0.0.0 | Windows Windows 10 or Windows Server 2016'),
	('1666979418964365312', NULL, '2023-06-09 09:23:59.428000', 0, NULL, '2023-06-09 09:23:59.428000', 398, '127.0.0.1', '本地测试', '登录系统', '{"username":"admin","password":"","code":"4053","captchaId":"5f867facc3d547dfb21ce48bb82498e0","saveLogin":"true"}', 'POST', '/zwz/login', '管理员', 1, '', 'PC端 | Chrome 114.0.0.0 | Windows Windows 10 or Windows Server 2016'),
	('1666979420394622976', NULL, '2023-06-09 09:23:59.496000', 0, NULL, '2023-06-09 09:23:59.496000', 51, '127.0.0.1', '本地测试', '获取当前登录用户', '{}', 'GET', '/zwz/user/info', '管理员', 2, 'USER-02', 'PC端 | Chrome 114.0.0.0 | Windows Windows 10 or Windows Server 2016'),
	('1666979421812297728', NULL, '2023-06-09 09:23:59.833000', 0, NULL, '2023-06-09 09:23:59.833000', 150, '127.0.0.1', '本地测试', '查询菜单', '{}', 'GET', '/zwz/permission/getMenuList', '管理员', 2, 'PERMISSION-02', 'PC端 | Chrome 114.0.0.0 | Windows Windows 10 or Windows Server 2016'),
	('1666979423695540224', NULL, '2023-06-09 09:24:00.279000', 0, NULL, '2023-06-09 09:24:00.279000', 45, '127.0.0.1', '本地测试', '查询菜单', '{}', 'GET', '/zwz/permission/getMenuList', '管理员', 2, 'PERMISSION-02', 'PC端 | Chrome 114.0.0.0 | Windows Windows 10 or Windows Server 2016'),
	('1666979423959781376', NULL, '2023-06-09 09:24:00.342000', 0, NULL, '2023-06-09 09:24:00.342000', 49, '127.0.0.1', '本地测试', '查询个人门户菜单B', '{}', 'POST', '/zwz/myDoor/getMyDoorList6', '管理员', 2, 'MY-DOOR-02', 'PC端 | Chrome 114.0.0.0 | Windows Windows 10 or Windows Server 2016'),
	('1666981374097231872', NULL, '2023-06-09 09:31:45.311000', 0, NULL, '2023-06-09 09:31:45.311000', 55, '127.0.0.1', '本地测试', '登录系统', '{"username":"admin","password":"","code":"3484","captchaId":"4e6c0d6c0aa14620b01001132b387ba7","saveLogin":"true"}', 'POST', '/zwz/login', '管理员', 1, '', 'PC端 | Chrome 114.0.0.0 | Windows Windows 10 or Windows Server 2016'),
	('1666981375414243328', NULL, '2023-06-09 09:31:45.592000', 0, NULL, '2023-06-09 09:31:45.592000', 24, '127.0.0.1', '本地测试', '获取当前登录用户', '{}', 'GET', '/zwz/user/info', '管理员', 2, 'USER-02', 'PC端 | Chrome 114.0.0.0 | Windows Windows 10 or Windows Server 2016'),
	('1666981376576065536', NULL, '2023-06-09 09:31:45.871000', 0, NULL, '2023-06-09 09:31:45.871000', 33, '127.0.0.1', '本地测试', '查询菜单', '{}', 'GET', '/zwz/permission/getMenuList', '管理员', 2, 'PERMISSION-02', 'PC端 | Chrome 114.0.0.0 | Windows Windows 10 or Windows Server 2016'),
	('1666981383844794368', NULL, '2023-06-09 09:31:47.606000', 0, NULL, '2023-06-09 09:31:47.606000', 27, '127.0.0.1', '本地测试', '查询菜单', '{}', 'GET', '/zwz/permission/getMenuList', '管理员', 2, 'PERMISSION-02', 'PC端 | Chrome 114.0.0.0 | Windows Windows 10 or Windows Server 2016'),
	('1666981384939507712', NULL, '2023-06-09 09:31:47.872000', 0, NULL, '2023-06-09 09:31:47.872000', 46, '127.0.0.1', '本地测试', '查询个人门户菜单B', '{}', 'POST', '/zwz/myDoor/getMyDoorList6', '管理员', 2, 'MY-DOOR-02', 'PC端 | Chrome 114.0.0.0 | Windows Windows 10 or Windows Server 2016'),
	('1666981406372401152', NULL, '2023-06-09 09:31:52.984000', 0, NULL, '2023-06-09 09:31:52.984000', 33, '127.0.0.1', '本地测试', '查询单个数据字典的值', '{}', 'GET', '/zwz/dictData/getByType/permission_type', '管理员', 2, 'DICT_DATA-01', 'PC端 | Chrome 114.0.0.0 | Windows Windows 10 or Windows Server 2016'),
	('1666981406611476480', NULL, '2023-06-09 09:31:53.029000', 0, NULL, '2023-06-09 09:31:53.029000', 77, '127.0.0.1', '本地测试', '查询全部菜单', '{}', 'GET', '/zwz/permission/getAllList', '管理员', 2, 'PERMISSION-04', 'PC端 | Chrome 114.0.0.0 | Windows Windows 10 or Windows Server 2016'),
	('1666981452279058432', NULL, '2023-06-09 09:32:03.950000', 0, NULL, '2023-06-09 09:32:03.950000', 64, '127.0.0.1', '本地测试', '查询菜单权限拥有者', '{"permissionId":"125909152017944576"}', 'GET', '/zwz/permission/getUserByPermission', '管理员', 2, 'PERMISSION-01', 'PC端 | Chrome 114.0.0.0 | Windows Windows 10 or Windows Server 2016'),
	('1666981458910253056', NULL, '2023-06-09 09:32:05.507000', 0, NULL, '2023-06-09 09:32:05.507000', 37, '127.0.0.1', '本地测试', '编辑菜单', '{"id":"125909152017944576","updateBy":"admin","createBy":"admin","createTime":"2022-03-20 09:46:20","delFlag":"0","name":"zwz","title":"生活废品回收系统","level":"0","status":"0","type":"-1","component":"","path":"","icon":"md-home","parentId":"0","buttonType":"","description":"","sortOrder":"1","expand":"true","selected":"true","checked":"false","permTypes":"","nodeKey":"0"}', 'POST', '/zwz/permission/edit', '管理员', 2, 'PERMISSION-07', 'PC端 | Chrome 114.0.0.0 | Windows Windows 10 or Windows Server 2016'),
	('1666981460449562626', NULL, '2023-06-09 09:32:05.870000', 0, NULL, '2023-06-09 09:32:05.870000', 26, '127.0.0.1', '本地测试', '查询单个数据字典的值', '{}', 'GET', '/zwz/dictData/getByType/permission_type', '管理员', 2, 'DICT_DATA-01', 'PC端 | Chrome 114.0.0.0 | Windows Windows 10 or Windows Server 2016'),
	('1666981460550225920', NULL, '2023-06-09 09:32:05.892000', 0, NULL, '2023-06-09 09:32:05.892000', 49, '127.0.0.1', '本地测试', '查询全部菜单', '{}', 'GET', '/zwz/permission/getAllList', '管理员', 2, 'PERMISSION-04', 'PC端 | Chrome 114.0.0.0 | Windows Windows 10 or Windows Server 2016'),
	('1666981460646694912', NULL, '2023-06-09 09:32:05.917000', 0, NULL, '2023-06-09 09:32:05.917000', 74, '127.0.0.1', '本地测试', '查询菜单', '{}', 'GET', '/zwz/permission/getMenuList', '管理员', 2, 'PERMISSION-02', 'PC端 | Chrome 114.0.0.0 | Windows Windows 10 or Windows Server 2016'),
	('1666981479688835072', NULL, '2023-06-09 09:32:10.457000', 0, NULL, '2023-06-09 09:32:10.457000', 34, '127.0.0.1', '本地测试', '查询菜单权限拥有者', '{"permissionId":"125909152017944576"}', 'GET', '/zwz/permission/getUserByPermission', '管理员', 2, 'PERMISSION-01', 'PC端 | Chrome 114.0.0.0 | Windows Windows 10 or Windows Server 2016'),
	('1666982330834751488', NULL, '2023-06-09 09:35:33.448000', 0, NULL, '2023-06-09 09:35:33.448000', 89, '127.0.0.1', '本地测试', '编辑菜单', '{"id":"125909152017944576","updateBy":"admin","createBy":"admin","createTime":"2022-03-20 09:46:20","delFlag":"0","name":"zwz","title":"生活废品回收系统","level":"0","status":"0","type":"-1","component":"","path":"","icon":"md-home","parentId":"0","buttonType":"","description":"","sortOrder":"1","expand":"true","selected":"true","checked":"false","permTypes":"","nodeKey":"0"}', 'POST', '/zwz/permission/edit', '管理员', 2, 'PERMISSION-07', 'PC端 | Chrome 114.0.0.0 | Windows Windows 10 or Windows Server 2016'),
	('1666982332105625600', NULL, '2023-06-09 09:35:33.689000', 0, NULL, '2023-06-09 09:35:33.689000', 91, '127.0.0.1', '本地测试', '查询菜单', '{}', 'GET', '/zwz/permission/getMenuList', '管理员', 2, 'PERMISSION-02', 'PC端 | Chrome 114.0.0.0 | Windows Windows 10 or Windows Server 2016'),
	('1666982332634107905', NULL, '2023-06-09 09:35:33.813000', 0, NULL, '2023-06-09 09:35:33.813000', 26, '127.0.0.1', '本地测试', '查询单个数据字典的值', '{}', 'GET', '/zwz/dictData/getByType/permission_type', '管理员', 2, 'DICT_DATA-01', 'PC端 | Chrome 114.0.0.0 | Windows Windows 10 or Windows Server 2016'),
	('1666982332898349056', NULL, '2023-06-09 09:35:33.877000', 0, NULL, '2023-06-09 09:35:33.877000', 89, '127.0.0.1', '本地测试', '查询全部菜单', '{}', 'GET', '/zwz/permission/getAllList', '管理员', 2, 'PERMISSION-04', 'PC端 | Chrome 114.0.0.0 | Windows Windows 10 or Windows Server 2016'),
	('1666982361578999808', NULL, '2023-06-09 09:35:40.752000', 0, NULL, '2023-06-09 09:35:40.752000', 63, '127.0.0.1', '本地测试', '查询菜单权限拥有者', '{"permissionId":"1600381439436787712"}', 'GET', '/zwz/permission/getUserByPermission', '管理员', 2, 'PERMISSION-01', 'PC端 | Chrome 114.0.0.0 | Windows Windows 10 or Windows Server 2016'),
	('1666982457590812672', NULL, '2023-06-09 09:36:03.648000', 0, NULL, '2023-06-09 09:36:03.648000', 68, '127.0.0.1', '本地测试', '编辑菜单', '{"id":"1600381439436787712","updateBy":"","createBy":"developer","createTime":"2023-01-09 08:42:20","delFlag":"0","name":"antvActiveM","title":"资源品类分析","level":"2","status":"0","type":"0","component":"demo/antvActive/index2","path":"antvActiveM","icon":"md-analytics","parentId":"1600376746618785792","buttonType":"","description":"","sortOrder":"3","expand":"true","selected":"true","checked":"false","permTypes":"","nodeKey":"40"}', 'POST', '/zwz/permission/edit', '管理员', 2, 'PERMISSION-07', 'PC端 | Chrome 114.0.0.0 | Windows Windows 10 or Windows Server 2016'),
	('1666982458920407040', NULL, '2023-06-09 09:36:03.921000', 0, NULL, '2023-06-09 09:36:03.921000', 74, '127.0.0.1', '本地测试', '查询菜单', '{}', 'GET', '/zwz/permission/getMenuList', '管理员', 2, 'PERMISSION-02', 'PC端 | Chrome 114.0.0.0 | Windows Windows 10 or Windows Server 2016'),
	('1666982459306283008', NULL, '2023-06-09 09:36:04.013000', 0, NULL, '2023-06-09 09:36:04.013000', 23, '127.0.0.1', '本地测试', '查询单个数据字典的值', '{}', 'GET', '/zwz/dictData/getByType/permission_type', '管理员', 2, 'DICT_DATA-01', 'PC端 | Chrome 114.0.0.0 | Windows Windows 10 or Windows Server 2016'),
	('1666982459541164032', NULL, '2023-06-09 09:36:04.075000', 0, NULL, '2023-06-09 09:36:04.075000', 85, '127.0.0.1', '本地测试', '查询全部菜单', '{}', 'GET', '/zwz/permission/getAllList', '管理员', 2, 'PERMISSION-04', 'PC端 | Chrome 114.0.0.0 | Windows Windows 10 or Windows Server 2016'),
	('1666982576448999424', NULL, '2023-06-09 09:36:31.986000', 0, NULL, '2023-06-09 09:36:31.986000', 77, '127.0.0.1', '本地测试', '查询菜单', '{}', 'GET', '/zwz/permission/getMenuList', '管理员', 2, 'PERMISSION-02', 'PC端 | Chrome 114.0.0.0 | Windows Windows 10 or Windows Server 2016'),
	('1666982578139303936', NULL, '2023-06-09 09:36:32.357000', 0, NULL, '2023-06-09 09:36:32.357000', 40, '127.0.0.1', '本地测试', '查询单个数据字典的值', '{}', 'GET', '/zwz/dictData/getByType/permission_type', '管理员', 2, 'DICT_DATA-01', 'PC端 | Chrome 114.0.0.0 | Windows Windows 10 or Windows Server 2016'),
	('1666982720171020288', NULL, '2023-06-09 09:37:06.315000', 0, NULL, '2023-06-09 09:37:06.315000', 207, '127.0.0.1', '本地测试', '查询角色', '{"pageNumber":"1","pageSize":"15","sort":"createTime","order":"desc"}', 'GET', '/zwz/role/getAllByPage', '管理员', 2, 'ROLE-02', 'PC端 | Chrome 114.0.0.0 | Windows Windows 10 or Windows Server 2016'),
	('1666982764123131904', NULL, '2023-06-09 09:37:16.726000', 0, NULL, '2023-06-09 09:37:16.726000', 62, '127.0.0.1', '本地测试', '查询单个数据字典的值', '{}', 'GET', '/zwz/dictData/getByType/permission_type', '管理员', 2, 'DICT_DATA-01', 'PC端 | Chrome 114.0.0.0 | Windows Windows 10 or Windows Server 2016'),
	('1666982790320754688', NULL, '2023-06-09 09:37:22.983000', 0, NULL, '2023-06-09 09:37:22.983000', 79, '127.0.0.1', '本地测试', '删除菜单', '{"ids":"1600380143824670720,1600380240071364608"}', 'POST', '/zwz/permission/delByIds', '管理员', 2, 'PERMISSION-05', 'PC端 | Chrome 114.0.0.0 | Windows Windows 10 or Windows Server 2016'),
	('1666982792061390848', NULL, '2023-06-09 09:37:23.361000', 0, NULL, '2023-06-09 09:37:23.361000', 37, '127.0.0.1', '本地测试', '查询单个数据字典的值', '{}', 'GET', '/zwz/dictData/getByType/permission_type', '管理员', 2, 'DICT_DATA-01', 'PC端 | Chrome 114.0.0.0 | Windows Windows 10 or Windows Server 2016'),
	('1666982792073973760', NULL, '2023-06-09 09:37:23.392000', 0, NULL, '2023-06-09 09:37:23.392000', 68, '127.0.0.1', '本地测试', '查询菜单', '{}', 'GET', '/zwz/permission/getMenuList', '管理员', 2, 'PERMISSION-02', 'PC端 | Chrome 114.0.0.0 | Windows Windows 10 or Windows Server 2016'),
	('1666982792380157952', NULL, '2023-06-09 09:37:23.446000', 0, NULL, '2023-06-09 09:37:23.446000', 120, '127.0.0.1', '本地测试', '查询全部菜单', '{}', 'GET', '/zwz/permission/getAllList', '管理员', 2, 'PERMISSION-04', 'PC端 | Chrome 114.0.0.0 | Windows Windows 10 or Windows Server 2016'),
	('1666982804241649664', NULL, '2023-06-09 09:37:26.261000', 0, NULL, '2023-06-09 09:37:26.261000', 47, '127.0.0.1', '本地测试', '查询角色', '{"pageNumber":"1","pageSize":"15","sort":"createTime","order":"desc"}', 'GET', '/zwz/role/getAllByPage', '管理员', 2, 'ROLE-02', 'PC端 | Chrome 114.0.0.0 | Windows Windows 10 or Windows Server 2016'),
	('1666982898433134592', NULL, '2023-06-09 09:37:48.746000', 0, NULL, '2023-06-09 09:37:48.746000', 154, '127.0.0.1', '本地测试', '修改菜单权限', '{"roleId":"1536606659751841799","permIds":"125909152017944576,1464484663442673664,5129710648430593,1663723467998105600,1663723511849553920,1663723538621796352,40238597734928384,1663724125664972800,1663724149731889152,1663724174398590976,5129710648430594,1663724230593875968,1663724255319298048,1663724279579152384,1663724334755221504,5129710648430595,1663724386382909440,1663724413914320896,1663724441433149440,56309618086776832,1663724628767543296,1663724665174102016,1663726175089987584,41363147411427328,1530689602321518592,1663724779984785408,1663724805096083456,1663724828114423808,1535166438371889152,1600376746618785792,1600376877661425664,1658762103563096064,1658762135230091264,1658762161478045696,1600379962991448064,1658762215504875520,1658762245217325056,1658762289672753152,1600381439436787712,1600380394618884096,1600380509899329536,1658762341036199936,1658762370408910848,1658762401979437056,1600380627708940288,1600380724739969024,1658762444006363136,1658762469985882112,1658762496644878336,1658762678346321920,1600380836711108608,1658762539095429120,1658762567272763392,1658762595852750848,1658762631835684864,1600380922765643776,1658762735531462656,1658762763998203904,1658762795577118720,1600381032169869312,1600381115166756864,1658762864384675840,1658762891261775872,1658762919204229120,1600381197932957696,1658762967522611200,1658762998292025344,1658763030965653504,1536599942410407936,1536600125332393984,1536600268379131904,1536604417711804416,1536606273959759872,1536606372668510208,1536606464712511488,1536606550951596032,1536606637815631872,1536875505901506560"}', 'POST', '/zwz/role/editRolePerm', '管理员', 2, 'ROLE-04', 'PC端 | Chrome 114.0.0.0 | Windows Windows 10 or Windows Server 2016'),
	('1666982899381047296', NULL, '2023-06-09 09:37:48.942000', 0, NULL, '2023-06-09 09:37:48.942000', 98, '127.0.0.1', '本地测试', '查询菜单', '{}', 'GET', '/zwz/permission/getMenuList', '管理员', 2, 'PERMISSION-02', 'PC端 | Chrome 114.0.0.0 | Windows Windows 10 or Windows Server 2016'),
	('1666982900127633408', NULL, '2023-06-09 09:37:49.130000', 0, NULL, '2023-06-09 09:37:49.130000', 50, '127.0.0.1', '本地测试', '查询角色', '{"pageNumber":"1","pageSize":"15","sort":"createTime","order":"desc"}', 'GET', '/zwz/role/getAllByPage', '管理员', 2, 'ROLE-02', 'PC端 | Chrome 114.0.0.0 | Windows Windows 10 or Windows Server 2016'),
	('1666983132911505408', NULL, '2023-06-09 09:38:44.662000', 0, NULL, '2023-06-09 09:38:44.662000', 115, '127.0.0.1', '本地测试', '修改菜单权限', '{"roleId":"1536606659751841795","permIds":"125909152017944576,1600376746618785792,1600376877661425664,1600379962991448064,1600380394618884096,1600380509899329536,1600380627708940288,1600380724739969024,1658762444006363136,1658762678346321920,1600380836711108608,1658762539095429120,1658762631835684864,1600380922765643776,1658762735531462656,1658762763998203904,1600381032169869312,1600381115166756864,1600381197932957696,1658762967522611200,1536599942410407936,1536600125332393984,1536600268379131904,1536604417711804416,1536606273959759872,1536606372668510208,1536606464712511488,1536606550951596032,1536606637815631872,1536875505901506560"}', 'POST', '/zwz/role/editRolePerm', '管理员', 2, 'ROLE-04', 'PC端 | Chrome 114.0.0.0 | Windows Windows 10 or Windows Server 2016'),
	('1666983134681501697', NULL, '2023-06-09 09:38:45.047000', 0, NULL, '2023-06-09 09:38:45.047000', 45, '127.0.0.1', '本地测试', '查询角色', '{"pageNumber":"1","pageSize":"15","sort":"createTime","order":"desc"}', 'GET', '/zwz/role/getAllByPage', '管理员', 2, 'ROLE-02', 'PC端 | Chrome 114.0.0.0 | Windows Windows 10 or Windows Server 2016'),
	('1666983135054794752', NULL, '2023-06-09 09:38:45.133000', 0, NULL, '2023-06-09 09:38:45.133000', 133, '127.0.0.1', '本地测试', '查询菜单', '{}', 'GET', '/zwz/permission/getMenuList', '管理员', 2, 'PERMISSION-02', 'PC端 | Chrome 114.0.0.0 | Windows Windows 10 or Windows Server 2016'),
	('1666983141673406466', NULL, '2023-06-09 09:38:46.719000', 0, NULL, '2023-06-09 09:38:46.719000', 35, '127.0.0.1', '本地测试', '查询全部角色', '{}', 'GET', '/zwz/role/getAllList', '管理员', 2, 'ROLE-01', 'PC端 | Chrome 114.0.0.0 | Windows Windows 10 or Windows Server 2016'),
	('1666983141690183680', NULL, '2023-06-09 09:38:46.752000', 0, NULL, '2023-06-09 09:38:46.752000', 72, '127.0.0.1', '本地测试', '查询单个数据字典的值', '{}', 'GET', '/zwz/dictData/getByType/sex', '管理员', 2, 'DICT_DATA-01', 'PC端 | Chrome 114.0.0.0 | Windows Windows 10 or Windows Server 2016'),
	('1666983141774069760', NULL, '2023-06-09 09:38:46.776000', 0, NULL, '2023-06-09 09:38:46.776000', 92, '127.0.0.1', '本地测试', '查询用户', '{"nickname":"","departmentId":"","pageNumber":"1","pageSize":"20","sort":"createTime","order":"desc"}', 'GET', '/zwz/user/getUserList', '管理员', 2, 'USER-07', 'PC端 | Chrome 114.0.0.0 | Windows Windows 10 or Windows Server 2016'),
	('1666983141803429888', NULL, '2023-06-09 09:38:46.779000', 0, NULL, '2023-06-09 09:38:46.779000', 101, '127.0.0.1', '本地测试', '查询子部门', '{}', 'GET', '/zwz/department/getByParentId', '管理员', 2, 'DEP-01', 'PC端 | Chrome 114.0.0.0 | Windows Windows 10 or Windows Server 2016'),
	('1666983143451791360', NULL, '2023-06-09 09:38:47.137000', 0, NULL, '2023-06-09 09:38:47.137000', 43, '127.0.0.1', '本地测试', '查询子部门', '{}', 'GET', '/zwz/department/getByParentId', '管理员', 2, 'DEP-01', 'PC端 | Chrome 114.0.0.0 | Windows Windows 10 or Windows Server 2016'),
	('1666983167845863424', NULL, '2023-06-09 09:38:52.988000', 0, NULL, '2023-06-09 09:38:52.988000', 69, '127.0.0.1', '本地测试', '登录系统', '{"username":"13600000001","password":"","code":"2810","captchaId":"99fe7047a2bb4e9face9251488a6d98e","saveLogin":"true"}', 'POST', '/zwz/login', '用户A', 1, '', 'PC端 | Chrome 114.0.0.0 | Windows Windows 10 or Windows Server 2016'),
	('1666983169192235008', NULL, '2023-06-09 09:38:53.274000', 0, NULL, '2023-06-09 09:38:53.274000', 34, '127.0.0.1', '本地测试', '获取当前登录用户', '{}', 'GET', '/zwz/user/info', '用户A', 2, 'USER-02', 'PC端 | Chrome 114.0.0.0 | Windows Windows 10 or Windows Server 2016'),
	('1666983170429554688', NULL, '2023-06-09 09:38:53.570000', 0, NULL, '2023-06-09 09:38:53.570000', 58, '127.0.0.1', '本地测试', '查询菜单', '{}', 'GET', '/zwz/permission/getMenuList', '用户A', 2, 'PERMISSION-02', 'PC端 | Chrome 114.0.0.0 | Windows Windows 10 or Windows Server 2016'),
	('1666983174930042880', NULL, '2023-06-09 09:38:54.641000', 0, NULL, '2023-06-09 09:38:54.641000', 33, '127.0.0.1', '本地测试', '查询菜单', '{}', 'GET', '/zwz/permission/getMenuList', '用户A', 2, 'PERMISSION-02', 'PC端 | Chrome 114.0.0.0 | Windows Windows 10 or Windows Server 2016'),
	('1666983175970230272', NULL, '2023-06-09 09:38:54.891000', 0, NULL, '2023-06-09 09:38:54.891000', 46, '127.0.0.1', '本地测试', '查询个人门户菜单B', '{}', 'POST', '/zwz/myDoor/getMyDoorList6', '用户A', 2, 'MY-DOOR-02', 'PC端 | Chrome 114.0.0.0 | Windows Windows 10 or Windows Server 2016'),
	('1666983213005934592', NULL, '2023-06-09 09:39:03.756000', 0, NULL, '2023-06-09 09:39:03.756000', 68, '127.0.0.1', '本地测试', '登录系统', '{"username":"admin","password":"","code":"4383","captchaId":"bc7b27e319004a24bad7db1e3c52ae09","saveLogin":"true"}', 'POST', '/zwz/login', '管理员', 1, '', 'PC端 | Chrome 114.0.0.0 | Windows Windows 10 or Windows Server 2016'),
	('1666983214318751744', NULL, '2023-06-09 09:39:04.032000', 0, NULL, '2023-06-09 09:39:04.032000', 32, '127.0.0.1', '本地测试', '获取当前登录用户', '{}', 'GET', '/zwz/user/info', '管理员', 2, 'USER-02', 'PC端 | Chrome 114.0.0.0 | Windows Windows 10 or Windows Server 2016'),
	('1666983215451213824', NULL, '2023-06-09 09:39:04.304000', 0, NULL, '2023-06-09 09:39:04.304000', 36, '127.0.0.1', '本地测试', '查询菜单', '{}', 'GET', '/zwz/permission/getMenuList', '管理员', 2, 'PERMISSION-02', 'PC端 | Chrome 114.0.0.0 | Windows Windows 10 or Windows Server 2016'),
	('1666983693283102720', NULL, '2023-06-09 09:40:58.276000', 0, NULL, '2023-06-09 09:40:58.276000', 83, '127.0.0.1', '本地测试', '查询菜单', '{}', 'GET', '/zwz/permission/getMenuList', '管理员', 2, 'PERMISSION-02', 'PC端 | Chrome 114.0.0.0 | Windows Windows 10 or Windows Server 2016'),
	('1666983694537199616', NULL, '2023-06-09 09:40:58.566000', 0, NULL, '2023-06-09 09:40:58.566000', 94, '127.0.0.1', '本地测试', '查询个人门户菜单B', '{}', 'POST', '/zwz/myDoor/getMyDoorList6', '管理员', 2, 'MY-DOOR-02', 'PC端 | Chrome 114.0.0.0 | Windows Windows 10 or Windows Server 2016'),
	('1666983711943561216', NULL, '2023-06-09 09:41:02.678000', 0, NULL, '2023-06-09 09:41:02.678000', 34, '127.0.0.1', '本地测试', '查询图表数据', '{}', 'GET', '/zwz/resource/getAntvVoList', '管理员', 4, 'CHART-01', 'PC端 | Chrome 114.0.0.0 | Windows Windows 10 or Windows Server 2016'),
	('1666983765865533440', NULL, '2023-06-09 09:41:15.558000', 0, NULL, '2023-06-09 09:41:15.558000', 58, '127.0.0.1', '本地测试', '查询全部角色', '{}', 'GET', '/zwz/role/getAllList', '管理员', 2, 'ROLE-01', 'PC端 | Chrome 114.0.0.0 | Windows Windows 10 or Windows Server 2016'),
	('1666983765873922048', NULL, '2023-06-09 09:41:15.565000', 0, NULL, '2023-06-09 09:41:15.565000', 64, '127.0.0.1', '本地测试', '查询单个数据字典的值', '{}', 'GET', '/zwz/dictData/getByType/sex', '管理员', 2, 'DICT_DATA-01', 'PC端 | Chrome 114.0.0.0 | Windows Windows 10 or Windows Server 2016'),
	('1666983765882310656', NULL, '2023-06-09 09:41:15.562000', 0, NULL, '2023-06-09 09:41:15.562000', 62, '127.0.0.1', '本地测试', '查询子部门', '{}', 'GET', '/zwz/department/getByParentId', '管理员', 2, 'DEP-01', 'PC端 | Chrome 114.0.0.0 | Windows Windows 10 or Windows Server 2016'),
	('1666983765920059392', NULL, '2023-06-09 09:41:15.591000', 0, NULL, '2023-06-09 09:41:15.591000', 90, '127.0.0.1', '本地测试', '查询用户', '{"nickname":"","departmentId":"","pageNumber":"1","pageSize":"20","sort":"createTime","order":"desc"}', 'GET', '/zwz/user/getUserList', '管理员', 2, 'USER-07', 'PC端 | Chrome 114.0.0.0 | Windows Windows 10 or Windows Server 2016'),
	('1666983766192689152', NULL, '2023-06-09 09:41:15.606000', 0, NULL, '2023-06-09 09:41:15.606000', 31, '127.0.0.1', '本地测试', '查询子部门', '{}', 'GET', '/zwz/department/getByParentId', '管理员', 2, 'DEP-01', 'PC端 | Chrome 114.0.0.0 | Windows Windows 10 or Windows Server 2016'),
	('1666983791085883392', NULL, '2023-06-09 09:41:21.581000', 0, NULL, '2023-06-09 09:41:21.581000', 70, '127.0.0.1', '本地测试', '登录系统', '{"username":"13600000001","password":"","code":"3360","captchaId":"aa7b89cbf9394d8a9ae38063da48d89f","saveLogin":"true"}', 'POST', '/zwz/login', '用户A', 1, '', 'PC端 | Chrome 114.0.0.0 | Windows Windows 10 or Windows Server 2016'),
	('1666983792419672064', NULL, '2023-06-09 09:41:21.863000', 0, NULL, '2023-06-09 09:41:21.863000', 37, '127.0.0.1', '本地测试', '获取当前登录用户', '{}', 'GET', '/zwz/user/info', '用户A', 2, 'USER-02', 'PC端 | Chrome 114.0.0.0 | Windows Windows 10 or Windows Server 2016'),
	('1666983793547939840', NULL, '2023-06-09 09:41:22.135000', 0, NULL, '2023-06-09 09:41:22.135000', 39, '127.0.0.1', '本地测试', '查询菜单', '{}', 'GET', '/zwz/permission/getMenuList', '用户A', 2, 'PERMISSION-02', 'PC端 | Chrome 114.0.0.0 | Windows Windows 10 or Windows Server 2016'),
	('1666983799369633792', NULL, '2023-06-09 09:41:23.523000', 0, NULL, '2023-06-09 09:41:23.523000', 37, '127.0.0.1', '本地测试', '查询菜单', '{}', 'GET', '/zwz/permission/getMenuList', '用户A', 2, 'PERMISSION-02', 'PC端 | Chrome 114.0.0.0 | Windows Windows 10 or Windows Server 2016'),
	('1666983800434987008', NULL, '2023-06-09 09:41:23.776000', 0, NULL, '2023-06-09 09:41:23.776000', 39, '127.0.0.1', '本地测试', '查询个人门户菜单B', '{}', 'POST', '/zwz/myDoor/getMyDoorList6', '用户A', 2, 'MY-DOOR-02', 'PC端 | Chrome 114.0.0.0 | Windows Windows 10 or Windows Server 2016'),
	('1666983843120418816', NULL, '2023-06-09 09:41:33.986000', 0, NULL, '2023-06-09 09:41:33.986000', 68, '127.0.0.1', '本地测试', '查询单个数据字典的值', '{}', 'GET', '/zwz/dictData/getByType/urgency', '用户A', 2, 'DICT_DATA-01', 'PC端 | Chrome 114.0.0.0 | Windows Windows 10 or Windows Server 2016'),
	('1666983861923483654', NULL, '2023-06-09 09:41:38.425000', 0, NULL, '2023-06-09 09:41:38.425000', 22, '127.0.0.1', '本地测试', '查询单个数据字典的值', '{}', 'GET', '/zwz/dictData/getByType/urgency', '用户A', 2, 'DICT_DATA-01', 'PC端 | Chrome 114.0.0.0 | Windows Windows 10 or Windows Server 2016'),
	('1666984104467501056', NULL, '2023-06-09 09:42:36.270000', 0, NULL, '2023-06-09 09:42:36.270000', 44, '127.0.0.1', '本地测试', '查询个人门户菜单B', '{}', 'POST', '/zwz/myDoor/getMyDoorList6', '用户A', 2, 'MY-DOOR-02', 'PC端 | Chrome 114.0.0.0 | Windows Windows 10 or Windows Server 2016'),
	('1666984977662873600', NULL, '2023-06-09 09:46:04.502000', 0, NULL, '2023-06-09 09:46:04.502000', 90, '127.0.0.1', '本地测试', '登录系统', '{"username":"admin","password":"","code":"5845","captchaId":"4646ab4506154830b98fecf0a996939b","saveLogin":"true"}', 'POST', '/zwz/login', '管理员', 1, '', 'PC端 | Chrome 114.0.0.0 | Windows Windows 10 or Windows Server 2016'),
	('1666984977801285632', NULL, '2023-06-09 09:46:04.521000', 0, NULL, '2023-06-09 09:46:04.521000', 83, '127.0.0.1', '本地测试', '获取当前登录用户', '{}', 'GET', '/zwz/user/info', '管理员', 2, 'USER-02', 'PC端 | Chrome 114.0.0.0 | Windows Windows 10 or Windows Server 2016'),
	('1666984978380099584', NULL, '2023-06-09 09:46:04.621000', 0, NULL, '2023-06-09 09:46:04.621000', 52, '127.0.0.1', '本地测试', '查询菜单', '{}', 'GET', '/zwz/permission/getMenuList', '管理员', 2, 'PERMISSION-02', 'PC端 | Chrome 114.0.0.0 | Windows Windows 10 or Windows Server 2016'),
	('1666984983539093504', NULL, '2023-06-09 09:46:05.847000', 0, NULL, '2023-06-09 09:46:05.847000', 36, '127.0.0.1', '本地测试', '查询菜单', '{}', 'GET', '/zwz/permission/getMenuList', '管理员', 2, 'PERMISSION-02', 'PC端 | Chrome 114.0.0.0 | Windows Windows 10 or Windows Server 2016'),
	('1666984984369565696', NULL, '2023-06-09 09:46:06.056000', 0, NULL, '2023-06-09 09:46:06.056000', 49, '127.0.0.1', '本地测试', '查询个人门户菜单B', '{}', 'POST', '/zwz/myDoor/getMyDoorList6', '管理员', 2, 'MY-DOOR-02', 'PC端 | Chrome 114.0.0.0 | Windows Windows 10 or Windows Server 2016'),
	('1666985047963602944', NULL, '2023-06-09 09:46:21.249000', 0, NULL, '2023-06-09 09:46:21.249000', 75, '127.0.0.1', '本地测试', '查询单个数据字典的值', '{}', 'GET', '/zwz/dictData/getByType/degree', '管理员', 2, 'DICT_DATA-01', 'PC端 | Chrome 114.0.0.0 | Windows Windows 10 or Windows Server 2016'),
	('1666985047963602945', NULL, '2023-06-09 09:46:21.249000', 0, NULL, '2023-06-09 09:46:21.249000', 75, '127.0.0.1', '本地测试', '查询单个数据字典的值', '{}', 'GET', '/zwz/dictData/getByType/unit', '管理员', 2, 'DICT_DATA-01', 'PC端 | Chrome 114.0.0.0 | Windows Windows 10 or Windows Server 2016'),
	('1666985060802367497', NULL, '2023-06-09 09:46:24.266000', 0, NULL, '2023-06-09 09:46:24.266000', 28, '127.0.0.1', '本地测试', '查询单个数据字典的值', '{}', 'GET', '/zwz/dictData/getByType/degree', '管理员', 2, 'DICT_DATA-01', 'PC端 | Chrome 114.0.0.0 | Windows Windows 10 or Windows Server 2016'),
	('1666985060806561792', NULL, '2023-06-09 09:46:24.273000', 0, NULL, '2023-06-09 09:46:24.273000', 36, '127.0.0.1', '本地测试', '查询单个数据字典的值', '{}', 'GET', '/zwz/dictData/getByType/unit', '管理员', 2, 'DICT_DATA-01', 'PC端 | Chrome 114.0.0.0 | Windows Windows 10 or Windows Server 2016'),
	('1666985099696148480', NULL, '2023-06-09 09:46:33.591000', 0, NULL, '2023-06-09 09:46:33.591000', 79, '127.0.0.1', '本地测试', '查询图表数据', '{}', 'GET', '/zwz/resource/getAntvVoList', '管理员', 4, 'CHART-01', 'PC端 | Chrome 114.0.0.0 | Windows Windows 10 or Windows Server 2016'),
	('1666985232445870080', NULL, '2023-06-09 09:47:05.230000', 0, NULL, '2023-06-09 09:47:05.230000', 69, '127.0.0.1', '本地测试', '查询图表数据', '{}', 'GET', '/zwz/resource/getAntvVoList', '管理员', 4, 'CHART-01', 'PC端 | Chrome 114.0.0.0 | Windows Windows 10 or Windows Server 2016'),
	('1666985239286779904', NULL, '2023-06-09 09:47:06.825000', 0, NULL, '2023-06-09 09:47:06.825000', 38, '127.0.0.1', '本地测试', '查询菜单', '{}', 'GET', '/zwz/permission/getMenuList', '管理员', 2, 'PERMISSION-02', 'PC端 | Chrome 114.0.0.0 | Windows Windows 10 or Windows Server 2016'),
	('1666985241123885059', NULL, '2023-06-09 09:47:07.252000', 0, NULL, '2023-06-09 09:47:07.252000', 23, '127.0.0.1', '本地测试', '查询图表数据', '{}', 'GET', '/zwz/resource/getAntvVoList', '管理员', 4, 'CHART-01', 'PC端 | Chrome 114.0.0.0 | Windows Windows 10 or Windows Server 2016'),
	('1666985270165245952', NULL, '2023-06-09 09:47:14.199000', 0, NULL, '2023-06-09 09:47:14.199000', 49, '127.0.0.1', '本地测试', '查询图表数据', '{}', 'GET', '/zwz/resource/getAntvVoList', '管理员', 4, 'CHART-01', 'PC端 | Chrome 114.0.0.0 | Windows Windows 10 or Windows Server 2016'),
	('1666985296018935808', NULL, '2023-06-09 09:47:20.382000', 0, NULL, '2023-06-09 09:47:20.382000', 74, '127.0.0.1', '本地测试', '查询个人门户菜单B', '{}', 'POST', '/zwz/myDoor/getMyDoorList6', '管理员', 2, 'MY-DOOR-02', 'PC端 | Chrome 114.0.0.0 | Windows Windows 10 or Windows Server 2016'),
	('1666985467276562432', NULL, '2023-06-09 09:48:01.223000', 0, NULL, '2023-06-09 09:48:01.223000', 78, '127.0.0.1', '本地测试', '查询菜单', '{}', 'GET', '/zwz/permission/getMenuList', '管理员', 2, 'PERMISSION-02', 'PC端 | Chrome 114.0.0.0 | Windows Windows 10 or Windows Server 2016'),
	('1666985467746324480', NULL, '2023-06-09 09:48:01.329000', 0, NULL, '2023-06-09 09:48:01.329000', 78, '127.0.0.1', '本地测试', '查询个人门户菜单B', '{}', 'POST', '/zwz/myDoor/getMyDoorList6', '管理员', 2, 'MY-DOOR-02', 'PC端 | Chrome 114.0.0.0 | Windows Windows 10 or Windows Server 2016'),
	('1666985686328283136', NULL, '2023-06-09 09:48:53.452000', 0, NULL, '2023-06-09 09:48:53.452000', 83, '127.0.0.1', '本地测试', '登录系统', '{"username":"admin","password":"","code":"3331","captchaId":"721bd7ff9c6a4b929210becbf49e3fda","saveLogin":"true"}', 'POST', '/zwz/login', '管理员', 1, '', 'PC端 | Chrome 114.0.0.0 | Windows Windows 10 or Windows Server 2016'),
	('1666985686416363520', NULL, '2023-06-09 09:48:53.475000', 0, NULL, '2023-06-09 09:48:53.475000', 87, '127.0.0.1', '本地测试', '获取当前登录用户', '{}', 'GET', '/zwz/user/info', '管理员', 2, 'USER-02', 'PC端 | Chrome 114.0.0.0 | Windows Windows 10 or Windows Server 2016'),
	('1666985686881931264', NULL, '2023-06-09 09:48:53.547000', 0, NULL, '2023-06-09 09:48:53.547000', 50, '127.0.0.1', '本地测试', '查询菜单', '{}', 'GET', '/zwz/permission/getMenuList', '管理员', 2, 'PERMISSION-02', 'PC端 | Chrome 114.0.0.0 | Windows Windows 10 or Windows Server 2016'),
	('1666985687590768640', NULL, '2023-06-09 09:48:53.706000', 0, NULL, '2023-06-09 09:48:53.706000', 47, '127.0.0.1', '本地测试', '查询个人门户菜单B', '{}', 'POST', '/zwz/myDoor/getMyDoorList6', '管理员', 2, 'MY-DOOR-02', 'PC端 | Chrome 114.0.0.0 | Windows Windows 10 or Windows Server 2016'),
	('1666985783778742272', NULL, '2023-06-09 09:49:16.698000', 0, NULL, '2023-06-09 09:49:16.698000', 92, '127.0.0.1', '本地测试', '查询单个数据字典的值', '{}', 'GET', '/zwz/dictData/getByType/degree', '管理员', 2, 'DICT_DATA-01', 'PC端 | Chrome 114.0.0.0 | Windows Windows 10 or Windows Server 2016'),
	('1666985783778742273', NULL, '2023-06-09 09:49:16.691000', 0, NULL, '2023-06-09 09:49:16.691000', 84, '127.0.0.1', '本地测试', '查询单个数据字典的值', '{}', 'GET', '/zwz/dictData/getByType/unit', '管理员', 2, 'DICT_DATA-01', 'PC端 | Chrome 114.0.0.0 | Windows Windows 10 or Windows Server 2016'),
	('1666985792616140800', NULL, '2023-06-09 09:49:18.751000', 0, NULL, '2023-06-09 09:49:18.751000', 42, '127.0.0.1', '本地测试', '查询单个数据字典的值', '{}', 'GET', '/zwz/dictData/getByType/unit', '管理员', 2, 'DICT_DATA-01', 'PC端 | Chrome 114.0.0.0 | Windows Windows 10 or Windows Server 2016'),
	('1666985792616140801', NULL, '2023-06-09 09:49:18.752000', 0, NULL, '2023-06-09 09:49:18.752000', 43, '127.0.0.1', '本地测试', '查询单个数据字典的值', '{}', 'GET', '/zwz/dictData/getByType/degree', '管理员', 2, 'DICT_DATA-01', 'PC端 | Chrome 114.0.0.0 | Windows Windows 10 or Windows Server 2016'),
	('1666985824497045507', NULL, '2023-06-09 09:49:26.417000', 0, NULL, '2023-06-09 09:49:26.417000', 99, '127.0.0.1', '本地测试', '查询图表数据', '{}', 'GET', '/zwz/resource/getAntvVoList', '管理员', 4, 'CHART-01', 'PC端 | Chrome 114.0.0.0 | Windows Windows 10 or Windows Server 2016'),
	('1666985832269090816', NULL, '2023-06-09 09:49:28.202000', 0, NULL, '2023-06-09 09:49:28.202000', 39, '127.0.0.1', '本地测试', '查询菜单', '{}', 'GET', '/zwz/permission/getMenuList', '管理员', 2, 'PERMISSION-02', 'PC端 | Chrome 114.0.0.0 | Windows Windows 10 or Windows Server 2016'),
	('1666985834118778880', NULL, '2023-06-09 09:49:28.640000', 0, NULL, '2023-06-09 09:49:28.640000', 31, '127.0.0.1', '本地测试', '查询图表数据', '{}', 'GET', '/zwz/resource/getAntvVoList', '管理员', 4, 'CHART-01', 'PC端 | Chrome 114.0.0.0 | Windows Windows 10 or Windows Server 2016'),
	('1666985915614105600', NULL, '2023-06-09 09:49:48.138000', 0, NULL, '2023-06-09 09:49:48.138000', 100, '127.0.0.1', '本地测试', '查询单个数据字典的值', '{}', 'GET', '/zwz/dictData/getByType/urgency', '管理员', 2, 'DICT_DATA-01', 'PC端 | Chrome 114.0.0.0 | Windows Windows 10 or Windows Server 2016'),
	('1666985959348113412', NULL, '2023-06-09 09:49:58.571000', 0, NULL, '2023-06-09 09:49:58.571000', 104, '127.0.0.1', '本地测试', '查询单个数据字典的值', '{}', 'GET', '/zwz/dictData/getByType/urgency', '管理员', 2, 'DICT_DATA-01', 'PC端 | Chrome 114.0.0.0 | Windows Windows 10 or Windows Server 2016'),
	('1666986053342466048', NULL, '2023-06-09 09:50:20.983000', 0, NULL, '2023-06-09 09:50:20.983000', 106, '127.0.0.1', '本地测试', '查询全部角色', '{}', 'GET', '/zwz/role/getAllList', '管理员', 2, 'ROLE-01', 'PC端 | Chrome 114.0.0.0 | Windows Windows 10 or Windows Server 2016'),
	('1666986053355048960', NULL, '2023-06-09 09:50:20.972000', 0, NULL, '2023-06-09 09:50:20.972000', 95, '127.0.0.1', '本地测试', '查询单个数据字典的值', '{}', 'GET', '/zwz/dictData/getByType/sex', '管理员', 2, 'DICT_DATA-01', 'PC端 | Chrome 114.0.0.0 | Windows Windows 10 or Windows Server 2016'),
	('1666986053376020480', NULL, '2023-06-09 09:50:20.975000', 0, NULL, '2023-06-09 09:50:20.975000', 98, '127.0.0.1', '本地测试', '查询子部门', '{}', 'GET', '/zwz/department/getByParentId', '管理员', 2, 'DEP-01', 'PC端 | Chrome 114.0.0.0 | Windows Windows 10 or Windows Server 2016'),
	('1666986053422157825', NULL, '2023-06-09 09:50:20.989000', 0, NULL, '2023-06-09 09:50:20.989000', 107, '127.0.0.1', '本地测试', '查询用户', '{"nickname":"","departmentId":"","pageNumber":"1","pageSize":"20","sort":"createTime","order":"desc"}', 'GET', '/zwz/user/getUserList', '管理员', 2, 'USER-07', 'PC端 | Chrome 114.0.0.0 | Windows Windows 10 or Windows Server 2016'),
	('1666986055116656640', NULL, '2023-06-09 09:50:21.340000', 0, NULL, '2023-06-09 09:50:21.340000', 44, '127.0.0.1', '本地测试', '查询子部门', '{}', 'GET', '/zwz/department/getByParentId', '管理员', 2, 'DEP-01', 'PC端 | Chrome 114.0.0.0 | Windows Windows 10 or Windows Server 2016'),
	('1666986076830568448', NULL, '2023-06-09 09:50:26.554000', 0, NULL, '2023-06-09 09:50:26.554000', 80, '127.0.0.1', '本地测试', '登录系统', '{"username":"13600000001","password":"","code":"3188","captchaId":"2604f0ff3ade4c8bb740b5ed911394b2","saveLogin":"true"}', 'POST', '/zwz/login', '用户A', 1, '', 'PC端 | Chrome 114.0.0.0 | Windows Windows 10 or Windows Server 2016'),
	('1666986078168551424', NULL, '2023-06-09 09:50:26.837000', 0, NULL, '2023-06-09 09:50:26.837000', 44, '127.0.0.1', '本地测试', '获取当前登录用户', '{}', 'GET', '/zwz/user/info', '用户A', 2, 'USER-02', 'PC端 | Chrome 114.0.0.0 | Windows Windows 10 or Windows Server 2016'),
	('1666986079280041984', NULL, '2023-06-09 09:50:27.097000', 0, NULL, '2023-06-09 09:50:27.097000', 35, '127.0.0.1', '本地测试', '查询菜单', '{}', 'GET', '/zwz/permission/getMenuList', '用户A', 2, 'PERMISSION-02', 'PC端 | Chrome 114.0.0.0 | Windows Windows 10 or Windows Server 2016'),
	('1666986082916503552', NULL, '2023-06-09 09:50:27.966000', 0, NULL, '2023-06-09 09:50:27.966000', 49, '127.0.0.1', '本地测试', '查询菜单', '{}', 'GET', '/zwz/permission/getMenuList', '用户A', 2, 'PERMISSION-02', 'PC端 | Chrome 114.0.0.0 | Windows Windows 10 or Windows Server 2016'),
	('1666986083579203584', NULL, '2023-06-09 09:50:28.125000', 0, NULL, '2023-06-09 09:50:28.125000', 38, '127.0.0.1', '本地测试', '查询个人门户菜单B', '{}', 'POST', '/zwz/myDoor/getMyDoorList6', '用户A', 2, 'MY-DOOR-02', 'PC端 | Chrome 114.0.0.0 | Windows Windows 10 or Windows Server 2016'),
	('1666986233563320320', NULL, '2023-06-09 09:51:03.914000', 0, NULL, '2023-06-09 09:51:03.914000', 74, '127.0.0.1', '本地测试', '查询个人门户菜单B', '{}', 'POST', '/zwz/myDoor/getMyDoorList6', '用户A', 2, 'MY-DOOR-02', 'PC端 | Chrome 114.0.0.0 | Windows Windows 10 or Windows Server 2016'),
	('1666986243700953088', NULL, '2023-06-09 09:51:06.284000', 0, NULL, '2023-06-09 09:51:06.284000', 29, '127.0.0.1', '本地测试', '查询单个数据字典的值', '{}', 'GET', '/zwz/dictData/getByType/sex', '用户A', 2, 'DICT_DATA-01', 'PC端 | Chrome 114.0.0.0 | Windows Windows 10 or Windows Server 2016'),
	('1666986265695883264', NULL, '2023-06-09 09:51:11.560000', 0, NULL, '2023-06-09 09:51:11.560000', 57, '127.0.0.1', '本地测试', '登录系统', '{"username":"admin","password":"","code":"6406","captchaId":"a233bd1c2de545f59ea43a1e562bdfe7","saveLogin":"true"}', 'POST', '/zwz/login', '管理员', 1, '', 'PC端 | Chrome 114.0.0.0 | Windows Windows 10 or Windows Server 2016'),
	('1666986267096780800', NULL, '2023-06-09 09:51:11.866000', 0, NULL, '2023-06-09 09:51:11.866000', 27, '127.0.0.1', '本地测试', '获取当前登录用户', '{}', 'GET', '/zwz/user/info', '管理员', 2, 'USER-02', 'PC端 | Chrome 114.0.0.0 | Windows Windows 10 or Windows Server 2016'),
	('1666986268187299840', NULL, '2023-06-09 09:51:12.127000', 0, NULL, '2023-06-09 09:51:12.127000', 34, '127.0.0.1', '本地测试', '查询菜单', '{}', 'GET', '/zwz/permission/getMenuList', '管理员', 2, 'PERMISSION-02', 'PC端 | Chrome 114.0.0.0 | Windows Windows 10 or Windows Server 2016'),
	('1666986272520015872', NULL, '2023-06-09 09:51:13.158000', 0, NULL, '2023-06-09 09:51:13.158000', 41, '127.0.0.1', '本地测试', '查询菜单', '{}', 'GET', '/zwz/permission/getMenuList', '管理员', 2, 'PERMISSION-02', 'PC端 | Chrome 114.0.0.0 | Windows Windows 10 or Windows Server 2016'),
	('1666986273329516544', NULL, '2023-06-09 09:51:13.363000', 0, NULL, '2023-06-09 09:51:13.363000', 61, '127.0.0.1', '本地测试', '查询个人门户菜单B', '{}', 'POST', '/zwz/myDoor/getMyDoorList6', '管理员', 2, 'MY-DOOR-02', 'PC端 | Chrome 114.0.0.0 | Windows Windows 10 or Windows Server 2016'),
	('1666986309543137280', NULL, '2023-06-09 09:51:22.013000', 0, NULL, '2023-06-09 09:51:22.013000', 64, '127.0.0.1', '本地测试', '查询菜单', '{}', 'GET', '/zwz/permission/getMenuList', '管理员', 2, 'PERMISSION-02', 'PC端 | Chrome 114.0.0.0 | Windows Windows 10 or Windows Server 2016'),
	('1666986352568307712', NULL, '2023-06-09 09:51:32.279000', 0, NULL, '2023-06-09 09:51:32.279000', 60, '127.0.0.1', '本地测试', '查询全部角色', '{}', 'GET', '/zwz/role/getAllList', '管理员', 2, 'ROLE-01', 'PC端 | Chrome 114.0.0.0 | Windows Windows 10 or Windows Server 2016'),
	('1666986352580890625', NULL, '2023-06-09 09:51:32.294000', 0, NULL, '2023-06-09 09:51:32.294000', 75, '127.0.0.1', '本地测试', '查询单个数据字典的值', '{}', 'GET', '/zwz/dictData/getByType/sex', '管理员', 2, 'DICT_DATA-01', 'PC端 | Chrome 114.0.0.0 | Windows Windows 10 or Windows Server 2016'),
	('1666986352627027971', NULL, '2023-06-09 09:51:32.306000', 0, NULL, '2023-06-09 09:51:32.306000', 86, '127.0.0.1', '本地测试', '查询子部门', '{}', 'GET', '/zwz/department/getByParentId', '管理员', 2, 'DEP-01', 'PC端 | Chrome 114.0.0.0 | Windows Windows 10 or Windows Server 2016'),
	('1666986352698331136', NULL, '2023-06-09 09:51:32.329000', 0, NULL, '2023-06-09 09:51:32.329000', 107, '127.0.0.1', '本地测试', '查询用户', '{"nickname":"","departmentId":"","pageNumber":"1","pageSize":"20","sort":"createTime","order":"desc"}', 'GET', '/zwz/user/getUserList', '管理员', 2, 'USER-07', 'PC端 | Chrome 114.0.0.0 | Windows Windows 10 or Windows Server 2016'),
	('1666986354287972355', NULL, '2023-06-09 09:51:32.651000', 0, NULL, '2023-06-09 09:51:32.651000', 25, '127.0.0.1', '本地测试', '查询子部门', '{}', 'GET', '/zwz/department/getByParentId', '管理员', 2, 'DEP-01', 'PC端 | Chrome 114.0.0.0 | Windows Windows 10 or Windows Server 2016'),
	('1666986375431458819', NULL, '2023-06-09 09:51:37.719000', 0, NULL, '2023-06-09 09:51:37.719000', 54, '127.0.0.1', '本地测试', '查询子部门', '{}', 'GET', '/zwz/department/getByParentId', '管理员', 2, 'DEP-01', 'PC端 | Chrome 114.0.0.0 | Windows Windows 10 or Windows Server 2016'),
	('1666986376081575936', NULL, '2023-06-09 09:51:37.840000', 0, NULL, '2023-06-09 09:51:37.840000', 21, '127.0.0.1', '本地测试', '查询用户', '{"pageNumber":"1","pageSize":"10","sort":"createTime","order":"desc","departmentId":""}', 'GET', '/zwz/myUser/getByPage', '管理员', 2, 'USER-01', 'PC端 | Chrome 114.0.0.0 | Windows Windows 10 or Windows Server 2016'),
	('1666986376756858880', NULL, '2023-06-09 09:51:38.005000', 0, NULL, '2023-06-09 09:51:38.005000', 30, '127.0.0.1', '本地测试', '查询子部门', '{}', 'GET', '/zwz/department/getByParentId', '管理员', 2, 'DEP-01', 'PC端 | Chrome 114.0.0.0 | Windows Windows 10 or Windows Server 2016'),
	('1666986383778123776', NULL, '2023-06-09 09:51:39.683000', 0, NULL, '2023-06-09 09:51:39.683000', 38, '127.0.0.1', '本地测试', '查询系统文件', '{"name":"","fkey":"","type":"","pageNumber":"1","pageSize":"15","sort":"createTime","order":"desc","startDate":"","endDate":""}', 'GET', '/zwz/file/getByCondition', '管理员', 2, 'FILE-01', 'PC端 | Chrome 114.0.0.0 | Windows Windows 10 or Windows Server 2016'),
	('1666986385099329536', NULL, '2023-06-09 09:51:40.059000', 0, NULL, '2023-06-09 09:51:40.059000', 86, '127.0.0.1', '本地测试', '查看单个配置', '{"id":"FILE_PATH"}', 'GET', '/zwz/setting/getOne', '管理员', 2, 'SETTING-01', 'PC端 | Chrome 114.0.0.0 | Windows Windows 10 or Windows Server 2016'),
	('1666986385099329537', NULL, '2023-06-09 09:51:39.995000', 0, NULL, '2023-06-09 09:51:39.995000', 20, '127.0.0.1', '本地测试', '查看单个配置', '{"id":"FILE_VIEW"}', 'GET', '/zwz/setting/getOne', '管理员', 2, 'SETTING-01', 'PC端 | Chrome 114.0.0.0 | Windows Windows 10 or Windows Server 2016'),
	('1666986385099329538', NULL, '2023-06-09 09:51:40.029000', 0, NULL, '2023-06-09 09:51:40.029000', 57, '127.0.0.1', '本地测试', '查看单个配置', '{"id":"FILE_HTTP"}', 'GET', '/zwz/setting/getOne', '管理员', 2, 'SETTING-01', 'PC端 | Chrome 114.0.0.0 | Windows Windows 10 or Windows Server 2016'),
	('1666986393181753344', NULL, '2023-06-09 09:51:41.924000', 0, NULL, '2023-06-09 09:51:41.924000', 50, '127.0.0.1', '本地测试', '查询角色', '{"pageNumber":"1","pageSize":"15","sort":"createTime","order":"desc"}', 'GET', '/zwz/role/getAllByPage', '管理员', 2, 'ROLE-02', 'PC端 | Chrome 114.0.0.0 | Windows Windows 10 or Windows Server 2016'),
	('1666986420700581888', NULL, '2023-06-09 09:51:48.528000', 0, NULL, '2023-06-09 09:51:48.528000', 67, '127.0.0.1', '本地测试', '查询单个数据字典的值', '{}', 'GET', '/zwz/dictData/getByType/permission_type', '管理员', 2, 'DICT_DATA-01', 'PC端 | Chrome 114.0.0.0 | Windows Windows 10 or Windows Server 2016'),
	('1666986426845237248', NULL, '2023-06-09 09:51:49.953000', 0, NULL, '2023-06-09 09:51:49.953000', 40, '127.0.0.1', '本地测试', '查询日志', '{"logType":"1","pageNumber":"1","pageSize":"15","startDate":"","endDate":"","sort":"createTime","order":"desc","ipInfo":"","key":""}', 'GET', '/zwz/log/getAllByPage', '管理员', 2, 'LOG-01', 'PC端 | Chrome 114.0.0.0 | Windows Windows 10 or Windows Server 2016'),
	('1666986437968531456', NULL, '2023-06-09 09:51:52.601000', 0, NULL, '2023-06-09 09:51:52.601000', 25, '127.0.0.1', '本地测试', '查询所有数据字典', '{}', 'GET', '/zwz/dict/getAll', '管理员', 2, 'DICT-01', 'PC端 | Chrome 114.0.0.0 | Windows Windows 10 or Windows Server 2016'),
	('1666986438455070720', NULL, '2023-06-09 09:51:52.715000', 0, NULL, '2023-06-09 09:51:52.715000', 28, '127.0.0.1', '本地测试', '查询数据字典值', '{"name":"","status":"","pageNumber":"1","pageSize":"10","sort":"sortOrder","order":"asc"}', 'GET', '/zwz/dictData/getByCondition', '管理员', 2, 'DICT_DATA-02', 'PC端 | Chrome 114.0.0.0 | Windows Windows 10 or Windows Server 2016'),
	('1666986445665079296', NULL, '2023-06-09 09:51:54.442000', 0, NULL, '2023-06-09 09:51:54.442000', 49, '127.0.0.1', '本地测试', '查询个人门户菜单B', '{}', 'POST', '/zwz/myDoor/getMyDoorList6', '管理员', 2, 'MY-DOOR-02', 'PC端 | Chrome 114.0.0.0 | Windows Windows 10 or Windows Server 2016'),
	('1666986451272863744', NULL, '2023-06-09 09:51:55.775000', 0, NULL, '2023-06-09 09:51:55.775000', 23, '127.0.0.1', '本地测试', '查询单个数据字典的值', '{}', 'GET', '/zwz/dictData/getByType/sex', '管理员', 2, 'DICT_DATA-01', 'PC端 | Chrome 114.0.0.0 | Windows Windows 10 or Windows Server 2016'),
	('1666986451293835264', NULL, '2023-06-09 09:51:55.851000', 0, NULL, '2023-06-09 09:51:55.851000', 101, '127.0.0.1', '本地测试', '查询学生', '{"pageNumber":"1","pageSize":"15","sort":"createTime","order":"desc"}', 'GET', '/zwz/student/getByPage', '管理员', 3, 'STUDENT-04', 'PC端 | Chrome 114.0.0.0 | Windows Windows 10 or Windows Server 2016'),
	('1666986455081291776', NULL, '2023-06-09 09:51:56.684000', 0, NULL, '2023-06-09 09:51:56.684000', 32, '127.0.0.1', '本地测试', '查询单个数据字典的值', '{}', 'GET', '/zwz/dictData/getByType/education', '管理员', 2, 'DICT_DATA-01', 'PC端 | Chrome 114.0.0.0 | Windows Windows 10 or Windows Server 2016'),
	('1666986455106457600', NULL, '2023-06-09 09:51:56.688000', 0, NULL, '2023-06-09 09:51:56.688000', 30, '127.0.0.1', '本地测试', '查询教师', '{"pageNumber":"1","pageSize":"15","sort":"createTime","order":"desc"}', 'GET', '/zwz/teacher/getByPage', '管理员', 3, 'TEACHER-04', 'PC端 | Chrome 114.0.0.0 | Windows Windows 10 or Windows Server 2016'),
	('1666986475167813632', NULL, '2023-06-09 09:52:01.478000', 0, NULL, '2023-06-09 09:52:01.478000', 31, '127.0.0.1', '本地测试', '查询图表数据', '{}', 'GET', '/zwz/teacher/getAntvVoList', '管理员', 4, 'CHART-01', 'PC端 | Chrome 114.0.0.0 | Windows Windows 10 or Windows Server 2016'),
	('1666986480314224640', NULL, '2023-06-09 09:52:02.708000', 0, NULL, '2023-06-09 09:52:02.708000', 46, '127.0.0.1', '本地测试', '查询个人门户菜单B', '{}', 'POST', '/zwz/myDoor/getMyDoorList6', '管理员', 2, 'MY-DOOR-02', 'PC端 | Chrome 114.0.0.0 | Windows Windows 10 or Windows Server 2016'),
	('1666986489038376960', NULL, '2023-06-09 09:52:04.801000', 0, NULL, '2023-06-09 09:52:04.801000', 51, '127.0.0.1', '本地测试', '查询单个数据字典的值', '{}', 'GET', '/zwz/dictData/getByType/sex', '管理员', 2, 'DICT_DATA-01', 'PC端 | Chrome 114.0.0.0 | Windows Windows 10 or Windows Server 2016'),
	('1667007944706887680', NULL, '2023-06-09 11:17:20.548000', 0, NULL, '2023-06-09 11:17:20.548000', 473, '127.0.0.1', '本地测试', '登录系统', '{"username":"admin","password":"","code":"5718","captchaId":"2bd65865d02b4025ab9cdc494869d859","saveLogin":"true"}', 'POST', '/zwz/login', '管理员', 1, '', 'PC端 | Chrome 114.0.0.0 | Windows Windows 10 or Windows Server 2016'),
	('1667007946128756736', NULL, '2023-06-09 11:17:20.559000', 0, NULL, '2023-06-09 11:17:20.559000', 43, '127.0.0.1', '本地测试', '获取当前登录用户', '{}', 'GET', '/zwz/user/info', '管理员', 2, 'USER-02', 'PC端 | Chrome 114.0.0.0 | Windows Windows 10 or Windows Server 2016'),
	('1667007947227664384', NULL, '2023-06-09 11:17:20.815000', 0, NULL, '2023-06-09 11:17:20.815000', 69, '127.0.0.1', '本地测试', '查询菜单', '{}', 'GET', '/zwz/permission/getMenuList', '管理员', 2, 'PERMISSION-02', 'PC端 | Chrome 114.0.0.0 | Windows Windows 10 or Windows Server 2016'),
	('1667007951145144320', NULL, '2023-06-09 11:17:21.751000', 0, NULL, '2023-06-09 11:17:21.751000', 37, '127.0.0.1', '本地测试', '查询菜单', '{}', 'GET', '/zwz/permission/getMenuList', '管理员', 2, 'PERMISSION-02', 'PC端 | Chrome 114.0.0.0 | Windows Windows 10 or Windows Server 2016'),
	('1667007952403435520', NULL, '2023-06-09 11:17:22.051000', 0, NULL, '2023-06-09 11:17:22.051000', 91, '127.0.0.1', '本地测试', '查询个人门户菜单B', '{}', 'POST', '/zwz/myDoor/getMyDoorList6', '管理员', 2, 'MY-DOOR-02', 'PC端 | Chrome 114.0.0.0 | Windows Windows 10 or Windows Server 2016'),
	('1667008104996409344', NULL, '2023-06-09 11:17:58.623000', 0, NULL, '2023-06-09 11:17:58.623000', 229, '127.0.0.1', '本地测试', '查询单个数据字典的值', '{}', 'GET', '/zwz/dictData/getByType/degree', '管理员', 2, 'DICT_DATA-01', 'PC端 | Chrome 114.0.0.0 | Windows Windows 10 or Windows Server 2016'),
	('1667008106317615104', NULL, '2023-06-09 11:17:58.769000', 0, NULL, '2023-06-09 11:17:58.769000', 57, '127.0.0.1', '本地测试', '查询单个数据字典的值', '{}', 'GET', '/zwz/dictData/getByType/unit', '管理员', 2, 'DICT_DATA-01', 'PC端 | Chrome 114.0.0.0 | Windows Windows 10 or Windows Server 2016'),
	('1667008135954567168', NULL, '2023-06-09 11:18:05.858000', 0, NULL, '2023-06-09 11:18:05.858000', 77, '127.0.0.1', '本地测试', '查询图表数据', '{}', 'GET', '/zwz/resource/getAntvVoList', '管理员', 4, 'CHART-01', 'PC端 | Chrome 114.0.0.0 | Windows Windows 10 or Windows Server 2016'),
	('1667008413042872320', NULL, '2023-06-09 11:19:11.913000', 0, NULL, '2023-06-09 11:19:11.913000', 72, '127.0.0.1', '本地测试', '查询单个数据字典的值', '{}', 'GET', '/zwz/dictData/getByType/urgency', '管理员', 2, 'DICT_DATA-01', 'PC端 | Chrome 114.0.0.0 | Windows Windows 10 or Windows Server 2016'),
	('1667008425336377344', NULL, '2023-06-09 11:19:14.805000', 0, NULL, '2023-06-09 11:19:14.805000', 35, '127.0.0.1', '本地测试', '查询单个数据字典的值', '{}', 'GET', '/zwz/dictData/getByType/urgency', '管理员', 2, 'DICT_DATA-01', 'PC端 | Chrome 114.0.0.0 | Windows Windows 10 or Windows Server 2016'),
	('1671317456586674176', NULL, '2023-06-21 08:41:48.286000', 0, NULL, '2023-06-21 08:41:48.286000', 496, '127.0.0.1', '本地测试', '登录系统', '{"username":"admin","password":"","code":"8185","captchaId":"02339ecda2514d77bb31f3bab9b7d5e2","saveLogin":"true"}', 'POST', '/zwz/login', '管理员', 1, '', 'PC端 | Chrome 114.0.0.0 | Windows Windows 10 or Windows Server 2016'),
	('1671317456716697600', NULL, '2023-06-21 08:41:48.286000', 0, NULL, '2023-06-21 08:41:48.286000', 301, '127.0.0.1', '本地测试', '获取当前登录用户', '{}', 'GET', '/zwz/user/info', '管理员', 2, 'USER-02', 'PC端 | Chrome 114.0.0.0 | Windows Windows 10 or Windows Server 2016'),
	('1671317459149393920', NULL, '2023-06-21 08:41:48.541000', 0, NULL, '2023-06-21 08:41:48.541000', 296, '127.0.0.1', '本地测试', '查询菜单', '{}', 'GET', '/zwz/permission/getMenuList', '管理员', 2, 'PERMISSION-02', 'PC端 | Chrome 114.0.0.0 | Windows Windows 10 or Windows Server 2016'),
	('1671317460554485760', NULL, '2023-06-21 08:41:48.861000', 0, NULL, '2023-06-21 08:41:48.861000', 49, '127.0.0.1', '本地测试', '查询个人门户菜单B', '{}', 'POST', '/zwz/myDoor/getMyDoorList6', '管理员', 2, 'MY-DOOR-02', 'PC端 | Chrome 114.0.0.0 | Windows Windows 10 or Windows Server 2016'),
	('1671317470398517248', NULL, '2023-06-21 08:41:51.212000', 0, NULL, '2023-06-21 08:41:51.212000', 34, '127.0.0.1', '本地测试', '查询全部角色', '{}', 'GET', '/zwz/role/getAllList', '管理员', 2, 'ROLE-01', 'PC端 | Chrome 114.0.0.0 | Windows Windows 10 or Windows Server 2016'),
	('1671317470419488768', NULL, '2023-06-21 08:41:51.219000', 0, NULL, '2023-06-21 08:41:51.219000', 45, '127.0.0.1', '本地测试', '查询单个数据字典的值', '{}', 'GET', '/zwz/dictData/getByType/sex', '管理员', 2, 'DICT_DATA-01', 'PC端 | Chrome 114.0.0.0 | Windows Windows 10 or Windows Server 2016'),
	('1671317470524346368', NULL, '2023-06-21 08:41:51.239000', 0, NULL, '2023-06-21 08:41:51.239000', 65, '127.0.0.1', '本地测试', '查询子部门', '{}', 'GET', '/zwz/department/getByParentId', '管理员', 2, 'DEP-01', 'PC端 | Chrome 114.0.0.0 | Windows Windows 10 or Windows Server 2016'),
	('1671317470759227392', NULL, '2023-06-21 08:41:51.292000', 0, NULL, '2023-06-21 08:41:51.292000', 102, '127.0.0.1', '本地测试', '查询用户', '{"nickname":"","departmentId":"","pageNumber":"1","pageSize":"20","sort":"createTime","order":"desc"}', 'GET', '/zwz/user/getUserList', '管理员', 2, 'USER-07', 'PC端 | Chrome 114.0.0.0 | Windows Windows 10 or Windows Server 2016'),
	('1671317472030101504', NULL, '2023-06-21 08:41:51.596000', 0, NULL, '2023-06-21 08:41:51.596000', 41, '127.0.0.1', '本地测试', '查询子部门', '{}', 'GET', '/zwz/department/getByParentId', '管理员', 2, 'DEP-01', 'PC端 | Chrome 114.0.0.0 | Windows Windows 10 or Windows Server 2016');

DROP TABLE IF EXISTS `a_permission`;
CREATE TABLE IF NOT EXISTS `a_permission` (
  `id` varchar(255) NOT NULL,
  `create_by` varchar(255) DEFAULT NULL,
  `create_time` datetime(6) DEFAULT NULL,
  `del_flag` int NOT NULL,
  `update_by` varchar(255) DEFAULT NULL,
  `update_time` datetime(6) DEFAULT NULL,
  `description` varchar(255) DEFAULT NULL,
  `name` varchar(255) DEFAULT NULL,
  `parent_id` varchar(255) DEFAULT NULL,
  `type` int DEFAULT NULL,
  `sort_order` decimal(10,2) DEFAULT NULL,
  `component` varchar(255) DEFAULT NULL,
  `path` varchar(255) DEFAULT NULL,
  `title` varchar(255) DEFAULT NULL,
  `icon` varchar(255) DEFAULT NULL,
  `level` int unsigned DEFAULT NULL,
  `button_type` varchar(255) DEFAULT NULL,
  `status` int DEFAULT NULL,
  `show_always` bit(1) DEFAULT NULL,
  PRIMARY KEY (`id`)
) ENGINE=InnoDB DEFAULT CHARSET=utf8mb3;

DELETE FROM `a_permission`;
INSERT INTO `a_permission` (`id`, `create_by`, `create_time`, `del_flag`, `update_by`, `update_time`, `description`, `name`, `parent_id`, `type`, `sort_order`, `component`, `path`, `title`, `icon`, `level`, `button_type`, `status`, `show_always`) VALUES
	('125909152017944576', 'admin', '2022-03-20 09:46:20.000000', 0, 'admin', '2023-06-09 09:35:33.358000', '', 'zwz', '0', -1, 1.00, '', '', '生活废品回收系统', 'md-home', 0, '', 0, b'1'),
	('1464484663442673664', 'admin', '2022-03-20 09:46:20.000000', 0, 'admin', '2022-03-20 09:46:20.000000', '', 'userTwoMenu', '125909152017944576', 0, 1.00, 'Main', '/baseMenu', '系统基础模块', 'md-analytics', 1, '', 0, b'1'),
	('1530689602321518592', 'admin', '2022-05-29 07:16:55.000000', 0, NULL, NULL, '', 'dict', '1464484663442673664', 0, 7.00, 'dict/dict/index', 'dict', '数据字典', 'ios-apps', 2, '', 0, b'1'),
	('1535166438371889152', 'admin', '2022-06-10 15:46:16.000000', 0, NULL, NULL, '', 'vue', '1464484663442673664', 0, 8.00, 'code/vue/index', 'vue', '测试菜单', 'md-bug', 2, '', 0, b'1'),
	('1536599942410407936', 'admin', '2022-06-14 14:42:30.000000', 0, NULL, NULL, '', 'demo', '0', -1, 2.00, '', '', '样例演示', 'md-bulb', 0, NULL, 0, NULL),
	('1536600125332393984', 'admin', '2022-06-14 14:43:13.000000', 0, 'admin', '2022-06-14 15:10:31.000000', '', 'tableDemo', '1536599942410407936', 0, 1.00, 'Main', '/tableDemo', '二次开发样例', 'ios-apps', 1, '', 0, NULL),
	('1536600268379131904', 'admin', '2022-06-14 14:43:47.000000', 0, NULL, NULL, '', 'demo1', '1536600125332393984', 0, 1.00, 'demo/demo1/index', 'demo1', '代码生成样例', 'md-finger-print', 2, '', 0, NULL),
	('1536604417711804416', 'admin', '2022-06-14 15:00:17.000000', 0, 'admin', '2022-06-14 15:31:57.000000', '', 'demo2', '1536600125332393984', 0, 2.00, 'demo/demo2/index', 'demo2', '复杂表格样例', 'md-archive', 2, '', 0, NULL),
	('1536606273959759872', 'admin', '2022-06-14 15:07:39.000000', 0, 'admin', '2022-06-14 15:10:23.000000', '', 'antv', '1536599942410407936', 0, 2.00, 'Main', '/antv', '图表展示', 'ios-pulse', 1, '', 0, NULL),
	('1536606372668510208', 'admin', '2022-06-14 15:08:03.000000', 0, NULL, NULL, '', 'antv1', '1536606273959759872', 0, 1.00, 'demo/antv1/index', 'antv1', '条形图', 'md-pricetags', 2, '', 0, NULL),
	('1536606464712511488', 'admin', '2022-06-14 15:08:25.000000', 0, NULL, NULL, '', 'antv2', '1536606273959759872', 0, 2.00, 'demo/antv2/index', 'antv2', '饼图', 'md-radio-button-off', 2, '', 0, NULL),
	('1536606550951596032', 'admin', '2022-06-14 15:08:45.000000', 0, NULL, NULL, '', 'antv3', '1536606273959759872', 0, 3.00, 'demo/antv3/index', 'antv3', '折线图', 'ios-nutrition', 2, '', 0, NULL),
	('1536606637815631872', 'admin', '2022-06-14 15:09:06.000000', 0, NULL, NULL, '', 'antv4', '1536606273959759872', 0, 4.00, 'demo/antv4/index', 'antv4', '柱状图', 'ios-phone-portrait', 2, '', 0, NULL),
	('1536875505901506560', 'admin', '2022-06-15 08:57:29.000000', 0, 'admin', '2022-06-15 09:01:01.000000', '', 'antvActive', '1536606273959759872', 0, 5.00, 'demo/antvActive/index', 'antvActive', '动态图表样例', 'ios-apps', 2, '', 0, NULL),
	('1600376746618785792', 'developer', '2023-01-09 08:42:20.000000', 0, 'developer', '2023-01-09 08:42:20.000000', '', 'resourceTypeMenu', '125909152017944576', 0, 4.00, 'Main', '/resourceTypeMenu', '资源品类', 'ios-apps', 1, '', 0, NULL),
	('1600376877661425664', 'developer', '2023-01-09 08:42:20.000000', 0, NULL, '2023-01-09 08:42:20.000000', NULL, 'resourceTypeM', '1600376746618785792', 0, 1.00, 'res/resourceType/index', 'resourceTypeM', '资源类型', 'md-appstore', 2, '', 0, NULL),
	('1600379962991448064', 'developer', '2023-01-09 08:42:20.000000', 0, NULL, '2023-01-09 08:42:20.000000', NULL, 'resourceM', '1600376746618785792', 0, 2.00, 'res/resource/index', 'resourceM', '资源品类', 'ios-basket', 2, '', 0, NULL),
	('1600380394618884096', 'developer', '2023-01-09 08:42:20.000000', 0, NULL, '2023-01-09 08:42:20.000000', NULL, 'resourceOrganizationMenu', '125909152017944576', 0, 5.00, 'Main', '/resourceOrganizationMenu', '回收机构', 'ios-call', 1, '', 0, NULL),
	('1600380509899329536', 'developer', '2023-01-09 08:42:20.000000', 0, NULL, '2023-01-09 08:42:20.000000', NULL, 'resourceOrganizationM', '1600380394618884096', 0, 1.00, 'res/resourceOrganization/index', 'resourceOrganizationM', '资源回收机构', 'ios-cube', 2, '', 0, NULL),
	('1600380627708940288', 'developer', '2023-01-09 08:42:20.000000', 0, NULL, '2023-01-09 08:42:20.000000', NULL, 'resSellMenu', '125909152017944576', 0, 6.00, 'Main', '/resSellMenu', '资源交易', 'md-finger-print', 1, '', 0, NULL),
	('1600380724739969024', 'developer', '2023-01-09 08:42:20.000000', 0, NULL, '2023-01-09 08:42:20.000000', NULL, 'purchaseOrderM', '1600380627708940288', 0, 1.00, 'res/purchaseOrder/index', 'purchaseOrderM', '资源求购单', 'md-flag', 2, '', 0, NULL),
	('1600380836711108608', 'developer', '2023-01-09 08:42:20.000000', 0, NULL, '2023-01-09 08:42:20.000000', NULL, 'salesOrderM', '1600380627708940288', 0, 2.00, 'res/salesOrder/index', 'salesOrderM', '资源出售单', 'md-flash', 2, '', 0, NULL),
	('1600380922765643776', 'developer', '2023-01-09 08:42:20.000000', 0, NULL, '2023-01-09 08:42:20.000000', NULL, 'transactionOrderM', '1600380627708940288', 0, 3.00, 'res/transactionOrder/index', 'transactionOrderM', '资源交易单', 'md-flame', 2, '', 0, NULL),
	('1600381032169869312', 'developer', '2023-01-09 08:42:20.000000', 0, NULL, '2023-01-09 08:42:20.000000', NULL, 'cusMenu', '125909152017944576', 0, 7.00, 'Main', '/cusMenu', '客服咨询', 'md-happy', 1, '', 0, NULL),
	('1600381115166756864', 'developer', '2023-01-09 08:42:20.000000', 0, NULL, '2023-01-09 08:42:20.000000', NULL, 'receptionistM', '1600381032169869312', 0, 1.00, 'res/receptionist/index', 'receptionistM', '咨询接待人员', 'md-headset', 2, '', 0, NULL),
	('1600381197932957696', 'developer', '2023-01-09 08:42:20.000000', 0, NULL, '2023-01-09 08:42:20.000000', NULL, 'consultingServiceM', '1600381032169869312', 0, 2.00, 'res/consultingService/index', 'consultingServiceM', '资源回收咨询', 'md-heart', 2, '', 0, NULL),
	('1600381439436787712', 'developer', '2023-01-09 08:42:20.000000', 0, 'admin', '2023-06-09 09:36:03.580000', '', 'antvActiveM', '1600376746618785792', 0, 3.00, 'demo/antvActive/index2', 'antvActiveM', '资源品类分析', 'md-analytics', 2, '', 0, NULL),
	('1658762103563096064', 'developer', '2023-05-17 17:11:18.000000', 0, NULL, NULL, NULL, '', '1600376877661425664', 1, 1.00, '', '无', '添加资源类型', '', 3, 'add', 0, NULL),
	('1658762135230091264', 'developer', '2023-05-17 17:11:26.000000', 0, NULL, NULL, NULL, '', '1600376877661425664', 1, 2.00, '', '无', '编辑资源类型', '', 3, 'edit', 0, NULL),
	('1658762161478045696', 'developer', '2023-05-17 17:11:32.000000', 0, NULL, NULL, NULL, '', '1600376877661425664', 1, 3.00, '', '无', '删除资源类型', '', 3, 'delete', 0, NULL),
	('1658762215504875520', 'developer', '2023-05-17 17:11:45.000000', 0, NULL, NULL, NULL, '', '1600379962991448064', 1, 1.00, '', '无', '添加资源品类', '', 3, 'add', 0, NULL),
	('1658762245217325056', 'developer', '2023-05-17 17:11:52.000000', 0, NULL, NULL, NULL, '', '1600379962991448064', 1, 2.00, '', '无', '编辑资源品类', '', 3, 'edit', 0, NULL),
	('1658762289672753152', 'developer', '2023-05-17 17:12:03.000000', 0, NULL, NULL, NULL, '', '1600379962991448064', 1, 3.00, '', '无', '删除资源品类', '', 3, 'delete', 0, NULL),
	('1658762341036199936', 'developer', '2023-05-17 17:12:15.000000', 0, NULL, NULL, NULL, '', '1600380509899329536', 1, 1.00, '', '无', '添加回收机构', '', 3, 'add', 0, NULL),
	('1658762370408910848', 'developer', '2023-05-17 17:12:22.000000', 0, NULL, NULL, NULL, '', '1600380509899329536', 1, 2.00, '', '无', '编辑回收机构', '', 3, 'edit', 0, NULL),
	('1658762401979437056', 'developer', '2023-05-17 17:12:30.000000', 0, NULL, NULL, NULL, '', '1600380509899329536', 1, 3.00, '', '无', '删除回收机构', '', 3, 'delete', 0, NULL),
	('1658762444006363136', 'developer', '2023-05-17 17:12:40.000000', 0, NULL, NULL, NULL, '', '1600380724739969024', 1, 1.00, '', '无', '添加资源求购单', '', 3, 'add', 0, NULL),
	('1658762469985882112', 'developer', '2023-05-17 17:12:46.000000', 0, NULL, NULL, NULL, '', '1600380724739969024', 1, 2.00, '', '无', '编辑资源求购单', '', 3, 'edit', 0, NULL),
	('1658762496644878336', 'developer', '2023-05-17 17:12:52.000000', 0, NULL, NULL, NULL, '', '1600380724739969024', 1, 3.00, '', '无', '删除资源求购单', '', 3, 'delete', 0, NULL),
	('1658762539095429120', 'developer', '2023-05-17 17:13:02.000000', 0, NULL, NULL, NULL, '', '1600380836711108608', 1, 1.00, '', '无', '添加资源出售单', '', 3, 'add', 0, NULL),
	('1658762567272763392', 'developer', '2023-05-17 17:13:09.000000', 0, NULL, NULL, NULL, '', '1600380836711108608', 1, 2.00, '', '无', '编辑资源出售单', '', 3, 'edit', 0, NULL),
	('1658762595852750848', 'developer', '2023-05-17 17:13:16.000000', 0, NULL, NULL, NULL, '', '1600380836711108608', 1, 3.00, '', '无', '删除资源出售单', '', 3, 'delete', 0, NULL),
	('1658762631835684864', 'developer', '2023-05-17 17:13:24.000000', 0, NULL, NULL, NULL, '', '1600380836711108608', 1, 4.00, '', '无', '交易资源出售单', '', 3, 'enable', 0, NULL),
	('1658762678346321920', 'developer', '2023-05-17 17:13:36.000000', 0, NULL, NULL, NULL, '', '1600380724739969024', 1, 4.00, '', '无', '交易资源求购单', '', 3, 'enable', 0, NULL),
	('1658762735531462656', 'developer', '2023-05-17 17:13:49.000000', 0, NULL, NULL, NULL, '', '1600380922765643776', 1, 1.00, '', '无', '添加资源交易单', '', 3, 'add', 0, NULL),
	('1658762763998203904', 'developer', '2023-05-17 17:13:56.000000', 0, 'developer', '2023-05-17 17:16:16.000000', '', '', '1600380922765643776', 1, 2.00, '', '无', '资源交易单详情', '', 3, 'edit', 0, NULL),
	('1658762795577118720', 'developer', '2023-05-17 17:14:03.000000', 0, NULL, NULL, NULL, '', '1600380922765643776', 1, 3.00, '', '无', '删除资源交易单', '', 3, 'delete', 0, NULL),
	('1658762864384675840', 'developer', '2023-05-17 17:14:20.000000', 0, NULL, NULL, NULL, '', '1600381115166756864', 1, 1.00, '', '无', '添加接待人员', '', 3, 'add', 0, NULL),
	('1658762891261775872', 'developer', '2023-05-17 17:14:26.000000', 0, NULL, NULL, NULL, '', '1600381115166756864', 1, 2.00, '', '无', '编辑接待人员', '', 3, 'edit', 0, NULL),
	('1658762919204229120', 'developer', '2023-05-17 17:14:33.000000', 0, NULL, NULL, NULL, '', '1600381115166756864', 1, 3.00, '', '无', '删除接待人员', '', 3, 'delete', 0, NULL),
	('1658762967522611200', 'developer', '2023-05-17 17:14:44.000000', 0, NULL, NULL, NULL, '', '1600381197932957696', 1, 1.00, '', '无', '添加回收咨询', '', 3, 'add', 0, NULL),
	('1658762998292025344', 'developer', '2023-05-17 17:14:52.000000', 0, NULL, NULL, NULL, '', '1600381197932957696', 1, 2.00, '', '无', '回复回收咨询', '', 3, 'edit', 0, NULL),
	('1658763030965653504', 'developer', '2023-05-17 17:15:00.000000', 0, NULL, NULL, NULL, '', '1600381197932957696', 1, 3.00, '', '无', '删除回收咨询', '', 3, 'delete', 0, NULL),
	('1663723467998105600', 'admin', '2023-05-31 09:45:59.918000', 0, NULL, NULL, NULL, '', '5129710648430593', 1, 1.00, '', '无', '添加用户', '', 3, 'add', 0, NULL),
	('1663723511849553920', 'admin', '2023-05-31 09:46:10.372000', 0, NULL, NULL, NULL, '', '5129710648430593', 1, 2.00, '', '无', '编辑用户', '', 3, 'edit', 0, NULL),
	('1663723538621796352', 'admin', '2023-05-31 09:46:16.757000', 0, NULL, NULL, NULL, '', '5129710648430593', 1, 3.00, '', '无', '删除用户', '', 3, 'delete', 0, NULL),
	('1663724125664972800', 'admin', '2023-05-31 09:48:36.719000', 0, NULL, NULL, NULL, '', '40238597734928384', 1, 1.00, '', '无', '添加部门', '', 3, 'add', 0, NULL),
	('1663724149731889152', 'admin', '2023-05-31 09:48:42.455000', 0, NULL, NULL, NULL, '', '40238597734928384', 1, 2.00, '', '无', '编辑部门', '', 3, 'edit', 0, NULL),
	('1663724174398590976', 'admin', '2023-05-31 09:48:48.335000', 0, NULL, NULL, NULL, '', '40238597734928384', 1, 3.00, '', '无', '删除部门', '', 3, 'delete', 0, NULL),
	('1663724230593875968', 'admin', '2023-05-31 09:49:01.733000', 0, NULL, NULL, NULL, '', '5129710648430594', 1, 1.00, '', '无', '添加角色', '', 3, 'add', 0, NULL),
	('1663724255319298048', 'admin', '2023-05-31 09:49:07.632000', 0, NULL, NULL, NULL, '', '5129710648430594', 1, 2.00, '', '无', '编辑角色', '', 3, 'edit', 0, NULL),
	('1663724279579152384', 'admin', '2023-05-31 09:49:13.414000', 0, NULL, NULL, NULL, '', '5129710648430594', 1, 3.00, '', '无', '删除角色', '', 3, 'delete', 0, NULL),
	('1663724334755221504', 'admin', '2023-05-31 09:49:26.569000', 0, NULL, NULL, NULL, '', '5129710648430594', 1, 4.00, '', '无', '分配角色权限', '', 3, 'enable', 0, NULL),
	('1663724386382909440', 'admin', '2023-05-31 09:49:38.875000', 0, NULL, NULL, NULL, '', '5129710648430595', 1, 1.00, '', '无', '添加菜单', '', 3, 'add', 0, NULL),
	('1663724413914320896', 'admin', '2023-05-31 09:49:45.442000', 0, NULL, NULL, NULL, '', '5129710648430595', 1, 2.00, '', '无', '编辑菜单', '', 3, 'edit', 0, NULL),
	('1663724441433149440', 'admin', '2023-05-31 09:49:52.003000', 0, NULL, NULL, NULL, '', '5129710648430595', 1, 3.00, '', '无', '删除菜单', '', 3, 'delete', 0, NULL),
	('1663724628767543296', 'admin', '2023-05-31 09:50:36.667000', 0, NULL, NULL, NULL, '', '56309618086776832', 1, 1.00, '', '无', '上传文件', '', 3, 'add', 0, NULL),
	('1663724665174102016', 'admin', '2023-05-31 09:50:45.348000', 0, NULL, NULL, NULL, '', '56309618086776832', 1, 2.00, '', '无', '删除文件', '', 3, 'delete', 0, NULL),
	('1663724779984785408', 'admin', '2023-05-31 09:51:12.719000', 0, NULL, NULL, NULL, '', '1530689602321518592', 1, 1.00, '', '无', '添加数据字典', '', 3, 'add', 0, NULL),
	('1663724805096083456', 'admin', '2023-05-31 09:51:18.707000', 0, NULL, NULL, NULL, '', '1530689602321518592', 1, 2.00, '', '无', '编辑数据字典', '', 3, 'edit', 0, NULL),
	('1663724828114423808', 'admin', '2023-05-31 09:51:24.196000', 0, NULL, NULL, NULL, '', '1530689602321518592', 1, 3.00, '', '无', '删除数据字典', '', 3, 'delete', 0, NULL),
	('1663726175089987584', 'admin', '2023-05-31 09:56:45.338000', 0, NULL, NULL, NULL, '', '56309618086776832', 1, 3.00, '', '无', '文件存储配置', '', 3, 'enable', 0, NULL),
	('40238597734928384', '', '2022-03-20 09:46:20.000000', 0, 'admin', '2022-03-20 09:46:20.000000', '', 'department-admin', '1464484663442673664', 0, 2.00, 'roster/department/department', 'dep', '部门管理', 'md-git-branch', 2, '', 0, b'1'),
	('41363147411427328', '', '2022-03-20 09:46:20.000000', 0, 'admin', '2022-05-21 14:15:44.000000', '', 'log-manage', '1464484663442673664', 0, 6.00, 'log/log/index', 'log', '日志管理', 'md-list-box', 2, '', 0, b'1'),
	('5129710648430593', '', '2022-03-20 09:46:20.000000', 0, 'admin', '2022-03-20 09:46:20.000000', '', 'user-admin', '1464484663442673664', 0, 1.00, 'roster/user/user', 'user', '用户管理', 'md-person', 2, '', 0, b'1'),
	('5129710648430594', '', '2022-03-20 09:46:20.000000', 0, 'admin', '2022-06-14 11:23:18.000000', '', 'role-manage', '1464484663442673664', 0, 3.00, 'role/role/index', 'role', '角色管理', 'md-contacts', 2, '', 0, b'1'),
	('5129710648430595', '', '2022-03-20 09:46:20.000000', 0, 'admin', '2022-06-14 11:23:13.000000', '', 'menu-manage', '1464484663442673664', 0, 4.00, 'menu/menu/index', 'menu', '菜单管理', 'md-menu', 2, '', 0, b'1'),
	('56309618086776832', '', '2022-03-20 09:46:20.000000', 0, 'admin', '2022-05-29 07:18:02.000000', '', 'file-admin', '1464484663442673664', 0, 5.00, 'file/file/index', 'file', '文件管理', 'ios-folder', 2, '', 0, b'1');

DROP TABLE IF EXISTS `a_purchase_order`;
CREATE TABLE IF NOT EXISTS `a_purchase_order` (
  `id` varchar(255) COLLATE utf8mb3_croatian_ci NOT NULL,
  `create_by` varchar(255) COLLATE utf8mb3_croatian_ci DEFAULT NULL,
  `create_time` datetime(6) DEFAULT NULL,
  `del_flag` int NOT NULL,
  `update_by` varchar(255) COLLATE utf8mb3_croatian_ci DEFAULT NULL,
  `update_time` datetime(6) DEFAULT NULL,
  `content` varchar(255) COLLATE utf8mb3_croatian_ci DEFAULT NULL,
  `level` varchar(255) COLLATE utf8mb3_croatian_ci DEFAULT NULL,
  `number` decimal(38,2) DEFAULT NULL,
  `price` decimal(38,2) DEFAULT NULL,
  `release_id` varchar(255) COLLATE utf8mb3_croatian_ci DEFAULT NULL,
  `release_name` varchar(255) COLLATE utf8mb3_croatian_ci DEFAULT NULL,
  `res_id` varchar(255) COLLATE utf8mb3_croatian_ci DEFAULT NULL,
  `res_name` varchar(255) COLLATE utf8mb3_croatian_ci DEFAULT NULL,
  `status` int DEFAULT NULL,
  PRIMARY KEY (`id`)
) ENGINE=InnoDB DEFAULT CHARSET=utf8mb3 COLLATE=utf8mb3_croatian_ci;

DELETE FROM `a_purchase_order`;
INSERT INTO `a_purchase_order` (`id`, `create_by`, `create_time`, `del_flag`, `update_by`, `update_time`, `content`, `level`, `number`, `price`, `release_id`, `release_name`, `res_id`, `res_name`, `status`) VALUES
	('1565630599966887936', 'admin', '2023-01-09 08:42:20.213000', 0, 'admin', '2023-01-09 08:42:20.213000', '我要购买一个二手耳机，有人卖吗？', '一周内需要', 1.00, 50.00, '682265633886208', '管理员', '1565603307282632704', '二手设备/二手耳机/安卓头', 1),
	('1602934888225443840', 'admin', '2023-01-09 08:42:20.213000', 0, 'admin', '2023-01-09 08:42:20.213000', 'ssss', '长期收购', 1.00, 100.00, '682265633886208', '管理员', '1565603307282632704', '二手设备/二手耳机/安卓头', 1),
	('1603300411538804736', 'admin', '2023-01-09 08:42:20.213000', 0, 'admin', '2023-01-09 08:42:20.213000', '无解', '一周内需要', 2.00, 10.00, '682265633886208', '管理员', '1565603307282632704', '二手设备/二手耳机/安卓头', 0),
	('1610525828146401280', 'admin', '2023-01-09 08:42:20.213000', 0, 'admin', '2023-01-09 08:42:20.213000', 'dddd', '三天内需要', 1.00, 100.00, '682265633886208', '管理员', '1565603307282632704', '二手设备/二手耳机/安卓头', 0),
	('1666985946953945088', 'admin', '2023-06-09 09:49:55.524000', 0, '13600000001', '2023-06-09 09:50:40.386000', '测试', '长期收购', 50.00, 1.00, '1464764315201572864', '管理员', '1565602769266675712', '废报纸/旧报纸带水/带水', 0);

DROP TABLE IF EXISTS `a_receptionist`;
CREATE TABLE IF NOT EXISTS `a_receptionist` (
  `id` varchar(255) COLLATE utf8mb3_croatian_ci NOT NULL,
  `create_by` varchar(255) COLLATE utf8mb3_croatian_ci DEFAULT NULL,
  `create_time` datetime(6) DEFAULT NULL,
  `del_flag` int NOT NULL,
  `update_by` varchar(255) COLLATE utf8mb3_croatian_ci DEFAULT NULL,
  `update_time` datetime(6) DEFAULT NULL,
  `autograph` varchar(255) COLLATE utf8mb3_croatian_ci DEFAULT NULL,
  `mobile` varchar(255) COLLATE utf8mb3_croatian_ci DEFAULT NULL,
  `name` varchar(255) COLLATE utf8mb3_croatian_ci DEFAULT NULL,
  PRIMARY KEY (`id`)
) ENGINE=InnoDB DEFAULT CHARSET=utf8mb3 COLLATE=utf8mb3_croatian_ci;

DELETE FROM `a_receptionist`;
INSERT INTO `a_receptionist` (`id`, `create_by`, `create_time`, `del_flag`, `update_by`, `update_time`, `autograph`, `mobile`, `name`) VALUES
	('1565603566985547776', 'admin', '2023-01-09 08:42:20.213000', 0, NULL, '2023-01-09 08:42:20.213000', '这就是我', '17857050001', '张三'),
	('1565603603392106496', 'admin', '2023-01-09 08:42:20.213000', 0, NULL, '2023-01-09 08:42:20.213000', '无', '17857050002', '李四'),
	('1565603643644841984', 'admin', '2023-01-09 08:42:20.213000', 0, NULL, '2023-01-09 08:42:20.213000', '测试', '17857050003', '王五'),
	('1610550689384239104', 'admin', '2023-01-09 08:42:20.000000', 0, 'admin', '2023-06-09 09:50:13.294000', '2', '2', '2');

DROP TABLE IF EXISTS `a_resource`;
CREATE TABLE IF NOT EXISTS `a_resource` (
  `id` varchar(255) COLLATE utf8mb3_croatian_ci NOT NULL,
  `create_by` varchar(255) COLLATE utf8mb3_croatian_ci DEFAULT NULL,
  `create_time` datetime(6) DEFAULT NULL,
  `del_flag` int NOT NULL,
  `update_by` varchar(255) COLLATE utf8mb3_croatian_ci DEFAULT NULL,
  `update_time` datetime(6) DEFAULT NULL,
  `degree` varchar(255) COLLATE utf8mb3_croatian_ci DEFAULT NULL,
  `modal` varchar(255) COLLATE utf8mb3_croatian_ci DEFAULT NULL,
  `remark` varchar(255) COLLATE utf8mb3_croatian_ci DEFAULT NULL,
  `sell_number` decimal(38,2) DEFAULT NULL,
  `storage_method` varchar(255) COLLATE utf8mb3_croatian_ci DEFAULT NULL,
  `title` varchar(255) COLLATE utf8mb3_croatian_ci DEFAULT NULL,
  `type` varchar(255) COLLATE utf8mb3_croatian_ci DEFAULT NULL,
  `unit` varchar(255) COLLATE utf8mb3_croatian_ci DEFAULT NULL,
  `unit_price` decimal(38,2) DEFAULT NULL,
  PRIMARY KEY (`id`)
) ENGINE=InnoDB DEFAULT CHARSET=utf8mb3 COLLATE=utf8mb3_croatian_ci;

DELETE FROM `a_resource`;
INSERT INTO `a_resource` (`id`, `create_by`, `create_time`, `del_flag`, `update_by`, `update_time`, `degree`, `modal`, `remark`, `sell_number`, `storage_method`, `title`, `type`, `unit`, `unit_price`) VALUES
	('1565602769266675712', 'admin', '2023-01-09 08:42:20.213000', 0, NULL, '2023-01-09 08:42:20.213000', '五成新', '带水', '废弃的报纸，待回收', NULL, '袋装', '旧报纸带水', '废报纸', '把', 0.50),
	('1565603064482762752', 'admin', '2023-01-09 08:42:20.000000', 0, 'admin', '2023-06-09 09:49:23.545000', '八成新', 'apple', '可以换不锈钢脸盆哦！', NULL, '常温', '二手智能手机', '二手设备', '个', 60.00),
	('1565603196985020416', 'admin', '2023-01-09 08:42:20.213000', 0, NULL, '2023-01-09 08:42:20.213000', '八成新', 'ipad', '二手，已退出苹果账号', NULL, '常温', '二手平板', '二手设备', '个', 500.00),
	('1565603307282632704', 'admin', '2023-01-09 08:42:20.213000', 0, NULL, '2023-01-09 08:42:20.213000', '八成新', '安卓头', '物理性能完好', NULL, '常温', '二手耳机', '二手设备', '个', 10.00),
	('1565603491228028928', 'admin', '2023-01-09 08:42:20.213000', 0, NULL, '2023-01-09 08:42:20.213000', '其他', '汽车', '碰撞导致的破碎', NULL, '常温', '废弃挡风玻璃', '废玻璃', '包', 1.50),
	('1610464341663027200', 'admin', '2023-01-09 08:42:20.000000', 0, 'admin', '2023-06-09 09:46:25.675000', '八成新', '12', '测试11', NULL, '冷空气下', '测试', '废金属', '把', 0.00);

DROP TABLE IF EXISTS `a_resource_organization`;
CREATE TABLE IF NOT EXISTS `a_resource_organization` (
  `id` varchar(255) COLLATE utf8mb3_croatian_ci NOT NULL,
  `create_by` varchar(255) COLLATE utf8mb3_croatian_ci DEFAULT NULL,
  `create_time` datetime(6) DEFAULT NULL,
  `del_flag` int NOT NULL,
  `update_by` varchar(255) COLLATE utf8mb3_croatian_ci DEFAULT NULL,
  `update_time` datetime(6) DEFAULT NULL,
  `address` varchar(255) COLLATE utf8mb3_croatian_ci DEFAULT NULL,
  `business_license` varchar(255) COLLATE utf8mb3_croatian_ci DEFAULT NULL,
  `city` varchar(255) COLLATE utf8mb3_croatian_ci DEFAULT NULL,
  `company_introduction` varchar(255) COLLATE utf8mb3_croatian_ci DEFAULT NULL,
  `mobile` varchar(255) COLLATE utf8mb3_croatian_ci DEFAULT NULL,
  `title` varchar(255) COLLATE utf8mb3_croatian_ci DEFAULT NULL,
  `user_name` varchar(255) COLLATE utf8mb3_croatian_ci DEFAULT NULL,
  PRIMARY KEY (`id`)
) ENGINE=InnoDB DEFAULT CHARSET=utf8mb3 COLLATE=utf8mb3_croatian_ci;

DELETE FROM `a_resource_organization`;
INSERT INTO `a_resource_organization` (`id`, `create_by`, `create_time`, `del_flag`, `update_by`, `update_time`, `address`, `business_license`, `city`, `company_introduction`, `mobile`, `title`, `user_name`) VALUES
	('1565268788822282240', 'admin', '2023-01-09 08:42:20.213000', 0, NULL, '2023-01-09 08:42:20.213000', '浙江省杭州市XXXXX', 'AAAAAAAAAAAAAA', '浙江杭州', '这是测试的机构', '17857050001', '浙江A回收机构', '张三'),
	('1565268788822282241', 'admin', '2023-01-09 08:42:20.213000', 0, NULL, '2023-01-09 08:42:20.213000', '浙江省杭州市XXXXX', 'AAAAAAAAAAAAAA', '浙江杭州', '这是测试的机构', '17857050002', '浙江B回收机构', '李四'),
	('1565268788822282242', 'admin', '2023-01-09 08:42:20.213000', 0, NULL, '2023-01-09 08:42:20.213000', '浙江省杭州市XXXXX', 'AAAAAAAAAAAAAA', '浙江杭州', '这是测试的机构', '17857050003', '浙江C回收机构', '王五'),
	('1565268788822282243', 'admin', '2023-01-09 08:42:20.213000', 0, NULL, '2023-01-09 08:42:20.213000', '浙江省杭州市XXXXX', 'AAAAAAAAAAAAAA', '浙江杭州', '这是测试的机构', '17857050004', '浙江D回收机构', '赵六'),
	('1565268788822282244', 'admin', '2023-01-09 08:42:20.213000', 0, NULL, '2023-01-09 08:42:20.213000', '浙江省杭州市XXXXX', 'AAAAAAAAAAAAAA', '浙江杭州', '这是测试的机构', '17857050005', '浙江E回收机构', '孙七'),
	('1565268788822282245', 'admin', '2023-01-09 08:42:20.213000', 0, NULL, '2023-01-09 08:42:20.213000', '浙江省杭州市XXXXX', 'AAAAAAAAAAAAAA', '浙江杭州', '这是测试的机构', '17857050006', '浙江F回收机构', '郑八');

DROP TABLE IF EXISTS `a_resource_type`;
CREATE TABLE IF NOT EXISTS `a_resource_type` (
  `id` varchar(255) COLLATE utf8mb3_croatian_ci NOT NULL,
  `create_by` varchar(255) COLLATE utf8mb3_croatian_ci DEFAULT NULL,
  `create_time` datetime(6) DEFAULT NULL,
  `del_flag` int NOT NULL,
  `update_by` varchar(255) COLLATE utf8mb3_croatian_ci DEFAULT NULL,
  `update_time` datetime(6) DEFAULT NULL,
  `remark` varchar(255) COLLATE utf8mb3_croatian_ci DEFAULT NULL,
  `title` varchar(255) COLLATE utf8mb3_croatian_ci DEFAULT NULL,
  PRIMARY KEY (`id`)
) ENGINE=InnoDB DEFAULT CHARSET=utf8mb3 COLLATE=utf8mb3_croatian_ci;

DELETE FROM `a_resource_type`;
INSERT INTO `a_resource_type` (`id`, `create_by`, `create_time`, `del_flag`, `update_by`, `update_time`, `remark`, `title`) VALUES
	('1565268031897210880', 'admin', '2023-01-09 08:42:20.213000', 0, NULL, '2023-01-09 08:42:20.213000', '', '二手设备'),
	('1565268086788067328', 'admin', '2023-01-09 08:42:20.213000', 0, NULL, '2023-01-09 08:42:20.213000', '废弃金属', '废金属'),
	('1565268132753444864', 'admin', '2023-01-09 08:42:20.213000', 0, NULL, '2023-01-09 08:42:20.213000', '可回收', '再生塑料'),
	('1565268176575533056', 'admin', '2023-01-09 08:42:20.213000', 0, NULL, '2023-01-09 08:42:20.213000', '废弃报纸', '废报纸'),
	('1565268219382599680', 'admin', '2023-01-09 08:42:20.213000', 0, 'admin', '2023-01-09 08:42:20.213000', '库存积压物资', '库存积压物资'),
	('1565268293751803904', 'admin', '2023-01-09 08:42:20.213000', 0, NULL, '2023-01-09 08:42:20.213000', '废弃手机、电池', '废弃电器'),
	('1565268379336577024', 'admin', '2023-01-09 08:42:20.213000', 0, NULL, '2023-01-09 08:42:20.213000', '旧衣服、旧鞋子', '旧衣服'),
	('1565268448093802496', 'admin', '2023-01-09 08:42:20.213000', 0, NULL, '2023-01-09 08:42:20.213000', '废旧木材', '废旧木材'),
	('1565268527219347456', 'admin', '2023-01-09 08:42:20.213000', 0, 'admin', '2023-01-09 08:42:20.213000', '危险品、化学', '化工危险废物');

DROP TABLE IF EXISTS `a_role`;
CREATE TABLE IF NOT EXISTS `a_role` (
  `id` varchar(255) NOT NULL,
  `create_by` varchar(255) DEFAULT NULL,
  `create_time` datetime(6) DEFAULT NULL,
  `update_by` varchar(255) DEFAULT NULL,
  `update_time` datetime(6) DEFAULT NULL,
  `name` varchar(255) DEFAULT NULL,
  `del_flag` int NOT NULL,
  `default_role` bit(1) DEFAULT NULL,
  `description` varchar(255) DEFAULT NULL,
  `data_type` int NOT NULL,
  PRIMARY KEY (`id`)
) ENGINE=InnoDB DEFAULT CHARSET=utf8mb3;

DELETE FROM `a_role`;
INSERT INTO `a_role` (`id`, `create_by`, `create_time`, `update_by`, `update_time`, `name`, `del_flag`, `default_role`, `description`, `data_type`) VALUES
	('1536606659751841795', '', '2022-03-20 09:46:20.000000', 'admin', '2022-03-20 09:46:20.000000', 'ROLE_USER', 0, b'1', '普通用户', 0),
	('1536606659751841799', '', '2022-03-20 09:46:20.000000', 'admin', '2022-03-20 09:46:20.000000', 'ROLE_ADMIN', 0, b'0', '超级管理员', 0);

DROP TABLE IF EXISTS `a_role_permission`;
CREATE TABLE IF NOT EXISTS `a_role_permission` (
  `id` varchar(255) NOT NULL,
  `create_by` varchar(255) DEFAULT NULL,
  `create_time` datetime(6) DEFAULT NULL,
  `del_flag` int NOT NULL,
  `update_by` varchar(255) DEFAULT NULL,
  `update_time` datetime(6) DEFAULT NULL,
  `permission_id` varchar(255) DEFAULT NULL,
  `role_id` varchar(255) DEFAULT NULL,
  PRIMARY KEY (`id`)
) ENGINE=InnoDB DEFAULT CHARSET=utf8mb3;

DELETE FROM `a_role_permission`;
INSERT INTO `a_role_permission` (`id`, `create_by`, `create_time`, `del_flag`, `update_by`, `update_time`, `permission_id`, `role_id`) VALUES
	('1464514325862551552', 'admin', '2022-03-20 09:46:20.000000', 0, 'admin', '2022-03-20 09:46:20.000000', '125909152017944576', '1536606659751841799'),
	('1464514325862551553', 'admin', '2022-03-20 09:46:20.000000', 0, 'admin', '2022-03-20 09:46:20.000000', '1464484663442673664', '1536606659751841799'),
	('1464514325862551554', 'admin', '2022-03-20 09:46:20.000000', 0, 'admin', '2022-03-20 09:46:20.000000', '5129710648430593', '1536606659751841799'),
	('1464514325862551564', 'admin', '2022-03-20 09:46:20.000000', 0, 'admin', '2022-03-20 09:46:20.000000', '40238597734928384', '1536606659751841799'),
	('1464514325862551569', 'admin', '2022-03-20 09:46:20.000000', 0, 'admin', '2022-03-20 09:46:20.000000', '56309618086776832', '1536606659751841799'),
	('1464514325862551584', 'admin', '2022-03-20 09:46:20.000000', 0, 'admin', '2022-03-20 09:46:20.000000', '5129710648430594', '1536606659751841799'),
	('1464514325862551590', 'admin', '2022-03-20 09:46:20.000000', 0, 'admin', '2022-03-20 09:46:20.000000', '5129710648430595', '1536606659751841799'),
	('1464514325862551595', 'admin', '2022-03-20 09:46:20.000000', 0, 'admin', '2022-03-20 09:46:20.000000', '41363147411427328', '1536606659751841799'),
	('1530689747004035072', 'admin', '2022-05-29 07:17:29.000000', 0, NULL, NULL, '1530689602321518592', '1536606659751841799'),
	('1535166468684124160', 'admin', '2022-06-10 15:46:23.000000', 0, NULL, NULL, '1535166438371889152', '1536606659751841799'),
	('1536600292156641281', 'admin', '2022-06-14 14:43:53.000000', 0, NULL, NULL, '1536599942410407936', '1536606659751841799'),
	('1536600292173418496', 'admin', '2022-06-14 14:43:53.000000', 0, NULL, NULL, '1536600125332393984', '1536606659751841799'),
	('1536600292186001408', 'admin', '2022-06-14 14:43:53.000000', 0, NULL, NULL, '1536600268379131904', '1536606659751841799'),
	('1536604439178252292', 'admin', '2022-06-14 15:00:22.000000', 0, NULL, NULL, '1536604417711804416', '1536606659751841799'),
	('1536606659718287364', 'admin', '2022-06-14 15:09:11.000000', 0, NULL, NULL, '1536606273959759872', '1536606659751841799'),
	('1536606659730870272', 'admin', '2022-06-14 15:09:11.000000', 0, NULL, NULL, '1536606372668510208', '1536606659751841799'),
	('1536606659735064576', 'admin', '2022-06-14 15:09:11.000000', 0, NULL, NULL, '1536606464712511488', '1536606659751841799'),
	('1536606659743453184', 'admin', '2022-06-14 15:09:11.000000', 0, NULL, NULL, '1536606550951596032', '1536606659751841799'),
	('1536606659751841792', 'admin', '2022-06-14 15:09:11.000000', 0, NULL, NULL, '1536606637815631872', '1536606659751841799'),
	('1536875525769924610', 'admin', '2022-06-15 08:57:34.000000', 0, NULL, NULL, '1536875505901506560', '1536606659751841799'),
	('1663723894789509121', 'admin', '2023-05-31 09:47:41.676000', 0, NULL, NULL, '1663723467998105600', '1536606659751841799'),
	('1663723894827257856', 'admin', '2023-05-31 09:47:41.681000', 0, NULL, NULL, '1663723511849553920', '1536606659751841799'),
	('1663723894848229376', 'admin', '2023-05-31 09:47:41.686000', 0, NULL, NULL, '1663723538621796352', '1536606659751841799'),
	('1663725019009781777', 'admin', '2023-05-31 09:52:09.706000', 0, NULL, NULL, '1663724125664972800', '1536606659751841799'),
	('1663725019018170368', 'admin', '2023-05-31 09:52:09.707000', 0, NULL, NULL, '1663724149731889152', '1536606659751841799'),
	('1663725019022364672', 'admin', '2023-05-31 09:52:09.709000', 0, NULL, NULL, '1663724174398590976', '1536606659751841799'),
	('1663725019030753280', 'admin', '2023-05-31 09:52:09.710000', 0, NULL, NULL, '1663724230593875968', '1536606659751841799'),
	('1663725019034947584', 'admin', '2023-05-31 09:52:09.712000', 0, NULL, NULL, '1663724255319298048', '1536606659751841799'),
	('1663725019039141888', 'admin', '2023-05-31 09:52:09.713000', 0, NULL, NULL, '1663724279579152384', '1536606659751841799'),
	('1663725019047530496', 'admin', '2023-05-31 09:52:09.714000', 0, NULL, NULL, '1663724334755221504', '1536606659751841799'),
	('1663725019051724800', 'admin', '2023-05-31 09:52:09.716000', 0, NULL, NULL, '1663724386382909440', '1536606659751841799'),
	('1663725019055919104', 'admin', '2023-05-31 09:52:09.717000', 0, NULL, NULL, '1663724413914320896', '1536606659751841799'),
	('1663725019060113408', 'admin', '2023-05-31 09:52:09.718000', 0, NULL, NULL, '1663724441433149440', '1536606659751841799'),
	('1663725019064307712', 'admin', '2023-05-31 09:52:09.719000', 0, NULL, NULL, '1663724628767543296', '1536606659751841799'),
	('1663725019072696320', 'admin', '2023-05-31 09:52:09.720000', 0, NULL, NULL, '1663724665174102016', '1536606659751841799'),
	('1663725019076890624', 'admin', '2023-05-31 09:52:09.721000', 0, NULL, NULL, '1663724779984785408', '1536606659751841799'),
	('1663725019081084928', 'admin', '2023-05-31 09:52:09.723000', 0, NULL, NULL, '1663724805096083456', '1536606659751841799'),
	('1663725019085279232', 'admin', '2023-05-31 09:52:09.724000', 0, NULL, NULL, '1663724828114423808', '1536606659751841799'),
	('1663726203963576322', 'admin', '2023-05-31 09:56:52.221000', 0, NULL, NULL, '1663726175089987584', '1536606659751841799'),
	('1663726279024840704', 'admin', '2023-05-31 09:57:10.117000', 0, NULL, NULL, '125909152017944576', '1536606659751841795'),
	('1663726279070978050', 'admin', '2023-05-31 09:57:10.127000', 0, NULL, NULL, '1536599942410407936', '1536606659751841795'),
	('1663726279070978051', 'admin', '2023-05-31 09:57:10.127000', 0, NULL, NULL, '1536600125332393984', '1536606659751841795'),
	('1663726279070978052', 'admin', '2023-05-31 09:57:10.127000', 0, NULL, NULL, '1536600268379131904', '1536606659751841795'),
	('1663726279070978053', 'admin', '2023-05-31 09:57:10.127000', 0, NULL, NULL, '1536604417711804416', '1536606659751841795'),
	('1663726279070978054', 'admin', '2023-05-31 09:57:10.134000', 0, NULL, NULL, '1536606273959759872', '1536606659751841795'),
	('1663726279100338176', 'admin', '2023-05-31 09:57:10.135000', 0, NULL, NULL, '1536606372668510208', '1536606659751841795'),
	('1663726279112921088', 'admin', '2023-05-31 09:57:10.137000', 0, NULL, NULL, '1536606464712511488', '1536606659751841795'),
	('1663726279112921089', 'admin', '2023-05-31 09:57:10.137000', 0, NULL, NULL, '1536606550951596032', '1536606659751841795'),
	('1663726279112921090', 'admin', '2023-05-31 09:57:10.137000', 0, NULL, NULL, '1536606637815631872', '1536606659751841795'),
	('1663726279112921091', 'admin', '2023-05-31 09:57:10.137000', 0, NULL, NULL, '1536875505901506560', '1536606659751841795'),
	('1666982898034675727', 'admin', '2023-06-09 09:37:48.596000', 0, NULL, NULL, '1600376746618785792', '1536606659751841799'),
	('1666982898051452928', 'admin', '2023-06-09 09:37:48.598000', 0, NULL, NULL, '1600376877661425664', '1536606659751841799'),
	('1666982898059841536', 'admin', '2023-06-09 09:37:48.601000', 0, NULL, NULL, '1658762103563096064', '1536606659751841799'),
	('1666982898068230144', 'admin', '2023-06-09 09:37:48.602000', 0, NULL, NULL, '1658762135230091264', '1536606659751841799'),
	('1666982898076618752', 'admin', '2023-06-09 09:37:48.604000', 0, NULL, NULL, '1658762161478045696', '1536606659751841799'),
	('1666982898085007360', 'admin', '2023-06-09 09:37:48.607000', 0, NULL, NULL, '1600379962991448064', '1536606659751841799'),
	('1666982898097590272', 'admin', '2023-06-09 09:37:48.610000', 0, NULL, NULL, '1658762215504875520', '1536606659751841799'),
	('1666982898110173184', 'admin', '2023-06-09 09:37:48.612000', 0, NULL, NULL, '1658762245217325056', '1536606659751841799'),
	('1666982898114367488', 'admin', '2023-06-09 09:37:48.613000', 0, NULL, NULL, '1658762289672753152', '1536606659751841799'),
	('1666982898126950400', 'admin', '2023-06-09 09:37:48.616000', 0, NULL, NULL, '1600381439436787712', '1536606659751841799'),
	('1666982898139533312', 'admin', '2023-06-09 09:37:48.620000', 0, NULL, NULL, '1600380394618884096', '1536606659751841799'),
	('1666982898152116224', 'admin', '2023-06-09 09:37:48.622000', 0, NULL, NULL, '1600380509899329536', '1536606659751841799'),
	('1666982898160504832', 'admin', '2023-06-09 09:37:48.624000', 0, NULL, NULL, '1658762341036199936', '1536606659751841799'),
	('1666982898164699136', 'admin', '2023-06-09 09:37:48.626000', 0, NULL, NULL, '1658762370408910848', '1536606659751841799'),
	('1666982898173087744', 'admin', '2023-06-09 09:37:48.627000', 0, NULL, NULL, '1658762401979437056', '1536606659751841799'),
	('1666982898181476352', 'admin', '2023-06-09 09:37:48.630000', 0, NULL, NULL, '1600380627708940288', '1536606659751841799'),
	('1666982898194059264', 'admin', '2023-06-09 09:37:48.632000', 0, NULL, NULL, '1600380724739969024', '1536606659751841799'),
	('1666982898198253568', 'admin', '2023-06-09 09:37:48.633000', 0, NULL, NULL, '1658762444006363136', '1536606659751841799'),
	('1666982898206642176', 'admin', '2023-06-09 09:37:48.635000', 0, NULL, NULL, '1658762469985882112', '1536606659751841799'),
	('1666982898215030784', 'admin', '2023-06-09 09:37:48.636000', 0, NULL, NULL, '1658762496644878336', '1536606659751841799'),
	('1666982898219225088', 'admin', '2023-06-09 09:37:48.638000', 0, NULL, NULL, '1658762678346321920', '1536606659751841799'),
	('1666982898223419392', 'admin', '2023-06-09 09:37:48.639000', 0, NULL, NULL, '1600380836711108608', '1536606659751841799'),
	('1666982898231808000', 'admin', '2023-06-09 09:37:48.641000', 0, NULL, NULL, '1658762539095429120', '1536606659751841799'),
	('1666982898240196608', 'admin', '2023-06-09 09:37:48.642000', 0, NULL, NULL, '1658762567272763392', '1536606659751841799'),
	('1666982898244390912', 'admin', '2023-06-09 09:37:48.644000', 0, NULL, NULL, '1658762595852750848', '1536606659751841799'),
	('1666982898256973824', 'admin', '2023-06-09 09:37:48.647000', 0, NULL, NULL, '1658762631835684864', '1536606659751841799'),
	('1666982898269556736', 'admin', '2023-06-09 09:37:48.652000', 0, NULL, NULL, '1600380922765643776', '1536606659751841799'),
	('1666982898290528256', 'admin', '2023-06-09 09:37:48.656000', 0, NULL, NULL, '1658762735531462656', '1536606659751841799'),
	('1666982898307305472', 'admin', '2023-06-09 09:37:48.659000', 0, NULL, NULL, '1658762763998203904', '1536606659751841799'),
	('1666982898315694080', 'admin', '2023-06-09 09:37:48.661000', 0, NULL, NULL, '1658762795577118720', '1536606659751841799'),
	('1666982898328276992', 'admin', '2023-06-09 09:37:48.665000', 0, NULL, NULL, '1600381032169869312', '1536606659751841799'),
	('1666982898340859904', 'admin', '2023-06-09 09:37:48.668000', 0, NULL, NULL, '1600381115166756864', '1536606659751841799'),
	('1666982898353442816', 'admin', '2023-06-09 09:37:48.670000', 0, NULL, NULL, '1658762864384675840', '1536606659751841799'),
	('1666982898361831424', 'admin', '2023-06-09 09:37:48.672000', 0, NULL, NULL, '1658762891261775872', '1536606659751841799'),
	('1666982898370220032', 'admin', '2023-06-09 09:37:48.675000', 0, NULL, NULL, '1658762919204229120', '1536606659751841799'),
	('1666982898382802944', 'admin', '2023-06-09 09:37:48.677000', 0, NULL, NULL, '1600381197932957696', '1536606659751841799'),
	('1666982898391191552', 'admin', '2023-06-09 09:37:48.680000', 0, NULL, NULL, '1658762967522611200', '1536606659751841799'),
	('1666982898403774464', 'admin', '2023-06-09 09:37:48.682000', 0, NULL, NULL, '1658762998292025344', '1536606659751841799'),
	('1666982898412163072', 'admin', '2023-06-09 09:37:48.684000', 0, NULL, NULL, '1658763030965653504', '1536606659751841799'),
	('1666983132735344657', 'admin', '2023-06-09 09:38:44.552000', 0, NULL, NULL, '1600376746618785792', '1536606659751841795'),
	('1666983132747927552', 'admin', '2023-06-09 09:38:44.555000', 0, NULL, NULL, '1600376877661425664', '1536606659751841795'),
	('1666983132760510464', 'admin', '2023-06-09 09:38:44.557000', 0, NULL, NULL, '1600379962991448064', '1536606659751841795'),
	('1666983132768899072', 'admin', '2023-06-09 09:38:44.559000', 0, NULL, NULL, '1600380394618884096', '1536606659751841795'),
	('1666983132777287680', 'admin', '2023-06-09 09:38:44.561000', 0, NULL, NULL, '1600380509899329536', '1536606659751841795'),
	('1666983132785676288', 'admin', '2023-06-09 09:38:44.563000', 0, NULL, NULL, '1600380627708940288', '1536606659751841795'),
	('1666983132789870592', 'admin', '2023-06-09 09:38:44.564000', 0, NULL, NULL, '1600380724739969024', '1536606659751841795'),
	('1666983132798259200', 'admin', '2023-06-09 09:38:44.566000', 0, NULL, NULL, '1658762444006363136', '1536606659751841795'),
	('1666983132806647808', 'admin', '2023-06-09 09:38:44.568000', 0, NULL, NULL, '1658762678346321920', '1536606659751841795'),
	('1666983132815036416', 'admin', '2023-06-09 09:38:44.570000', 0, NULL, NULL, '1600380836711108608', '1536606659751841795'),
	('1666983132823425024', 'admin', '2023-06-09 09:38:44.571000', 0, NULL, NULL, '1658762539095429120', '1536606659751841795'),
	('1666983132827619328', 'admin', '2023-06-09 09:38:44.572000', 0, NULL, NULL, '1658762631835684864', '1536606659751841795'),
	('1666983132831813632', 'admin', '2023-06-09 09:38:44.574000', 0, NULL, NULL, '1600380922765643776', '1536606659751841795'),
	('1666983132844396544', 'admin', '2023-06-09 09:38:44.577000', 0, NULL, NULL, '1658762735531462656', '1536606659751841795'),
	('1666983132856979456', 'admin', '2023-06-09 09:38:44.580000', 0, NULL, NULL, '1658762763998203904', '1536606659751841795'),
	('1666983132861173760', 'admin', '2023-06-09 09:38:44.581000', 0, NULL, NULL, '1600381032169869312', '1536606659751841795'),
	('1666983132869562368', 'admin', '2023-06-09 09:38:44.582000', 0, NULL, NULL, '1600381115166756864', '1536606659751841795'),
	('1666983132873756672', 'admin', '2023-06-09 09:38:44.583000', 0, NULL, NULL, '1600381197932957696', '1536606659751841795'),
	('1666983132877950976', 'admin', '2023-06-09 09:38:44.585000', 0, NULL, NULL, '1658762967522611200', '1536606659751841795');

DROP TABLE IF EXISTS `a_sales_order`;
CREATE TABLE IF NOT EXISTS `a_sales_order` (
  `id` varchar(255) COLLATE utf8mb3_croatian_ci NOT NULL,
  `create_by` varchar(255) COLLATE utf8mb3_croatian_ci DEFAULT NULL,
  `create_time` datetime(6) DEFAULT NULL,
  `del_flag` int NOT NULL,
  `update_by` varchar(255) COLLATE utf8mb3_croatian_ci DEFAULT NULL,
  `update_time` datetime(6) DEFAULT NULL,
  `content` varchar(255) COLLATE utf8mb3_croatian_ci DEFAULT NULL,
  `level` varchar(255) COLLATE utf8mb3_croatian_ci DEFAULT NULL,
  `number` decimal(38,2) DEFAULT NULL,
  `price` decimal(38,2) DEFAULT NULL,
  `release_id` varchar(255) COLLATE utf8mb3_croatian_ci DEFAULT NULL,
  `release_name` varchar(255) COLLATE utf8mb3_croatian_ci DEFAULT NULL,
  `res_id` varchar(255) COLLATE utf8mb3_croatian_ci DEFAULT NULL,
  `res_name` varchar(255) COLLATE utf8mb3_croatian_ci DEFAULT NULL,
  `status` int DEFAULT NULL,
  PRIMARY KEY (`id`)
) ENGINE=InnoDB DEFAULT CHARSET=utf8mb3 COLLATE=utf8mb3_croatian_ci;

DELETE FROM `a_sales_order`;
INSERT INTO `a_sales_order` (`id`, `create_by`, `create_time`, `del_flag`, `update_by`, `update_time`, `content`, `level`, `number`, `price`, `release_id`, `release_name`, `res_id`, `res_name`, `status`) VALUES
	('1565627354573836288', 'admin', '2023-01-09 08:42:20.213000', 0, 'admin', '2023-01-09 08:42:20.213000', '我要出售二手的apple智能手机，10个一共5000元！', '三天内需要', 10.00, 5000.00, '682265633886208', '管理员', '1565603064482762752', '二手设备/二手智能手机/apple', 1),
	('1565628634658639872', 'admin', '2023-01-09 08:42:20.213000', 0, 'admin', '2023-01-09 08:42:20.213000', '一周内需要出售废弃玻璃，需要购买的请联系我', '一周内需要', 500.00, 600.00, '682265633886208', '管理员', '1565603491228028928', '废玻璃/废弃挡风玻璃/汽车', 1),
	('1602941321214038016', 'admin', '2023-01-09 08:42:20.213000', 0, NULL, '2023-01-09 08:42:20.213000', 'www', '长期收购', 1.00, 2.00, '682265633886208', '管理员', '1565602769266675712', '废报纸/旧报纸带水/带水', 0),
	('1603301901791793152', 'admin', '2023-01-09 08:42:20.213000', 0, 'admin', '2023-01-09 08:42:20.213000', 'ddd', '三天内需要', 2.00, 300.00, '682265633886208', '管理员', '1565603196985020416', '二手设备/二手平板/ipad', 1),
	('1610534804250562560', 'admin', '2023-01-09 08:42:20.213000', 0, 'admin', '2023-01-09 08:42:20.213000', 'ddd', '长期收购', 10.00, 100.00, '682265633886208', '管理员', '1565602769266675712', '废报纸/旧报纸带水/带水', 1),
	('1666985989513547776', 'admin', '2023-06-09 09:50:05.670000', 0, '13600000001', '2023-06-09 09:50:44.956000', '测试', '长期收购', 50.00, 1.00, '1464764315201572864', '管理员', '1565602769266675712', '废报纸/旧报纸带水/带水', 1);

DROP TABLE IF EXISTS `a_setting`;
CREATE TABLE IF NOT EXISTS `a_setting` (
  `id` varchar(255) NOT NULL,
  `create_by` varchar(255) DEFAULT NULL,
  `create_time` datetime(6) DEFAULT NULL,
  `del_flag` int NOT NULL,
  `update_by` varchar(255) DEFAULT NULL,
  `update_time` datetime(6) DEFAULT NULL,
  `value` varchar(255) DEFAULT NULL,
  PRIMARY KEY (`id`)
) ENGINE=InnoDB DEFAULT CHARSET=utf8mb3;

DELETE FROM `a_setting`;
INSERT INTO `a_setting` (`id`, `create_by`, `create_time`, `del_flag`, `update_by`, `update_time`, `value`) VALUES
	('FILE_HTTP', 'admin', '2023-05-16 14:37:41.000000', 0, 'admin', '2022-05-28 15:57:20.000000', 'http://'),
	('FILE_PATH', 'admin', '2023-05-16 14:37:40.000000', 0, 'admin', '2022-05-28 15:57:19.000000', 'C:\\\\oa-file'),
	('FILE_VIEW', 'admin', '2023-05-16 14:37:40.000000', 0, 'admin', '2022-05-28 15:57:20.000000', '127.0.0.1:8080/zwz/file/view');

DROP TABLE IF EXISTS `a_student`;
CREATE TABLE IF NOT EXISTS `a_student` (
  `id` varchar(255) CHARACTER SET utf8mb3 COLLATE utf8mb3_croatian_ci NOT NULL,
  `create_by` varchar(255) CHARACTER SET utf8mb3 COLLATE utf8mb3_croatian_ci DEFAULT NULL,
  `create_time` datetime(6) DEFAULT NULL,
  `del_flag` int NOT NULL,
  `update_by` varchar(255) CHARACTER SET utf8mb3 COLLATE utf8mb3_croatian_ci DEFAULT NULL,
  `update_time` datetime(6) DEFAULT NULL,
  `name` varchar(255) CHARACTER SET utf8mb3 COLLATE utf8mb3_croatian_ci DEFAULT NULL,
  `number` varchar(255) CHARACTER SET utf8mb3 COLLATE utf8mb3_croatian_ci DEFAULT NULL,
  `school` varchar(255) CHARACTER SET utf8mb3 COLLATE utf8mb3_croatian_ci DEFAULT NULL,
  `sex` varchar(255) CHARACTER SET utf8mb3 COLLATE utf8mb3_croatian_ci DEFAULT NULL,
  `age` decimal(38,2) DEFAULT NULL,
  PRIMARY KEY (`id`)
) ENGINE=InnoDB DEFAULT CHARSET=utf8mb3 COLLATE=utf8mb3_croatian_ci;

DELETE FROM `a_student`;
INSERT INTO `a_student` (`id`, `create_by`, `create_time`, `del_flag`, `update_by`, `update_time`, `name`, `number`, `school`, `sex`, `age`) VALUES
	('1536601255475023872', 'admin', '2022-06-14 14:47:42.637000', 0, NULL, NULL, '张三', '001', '北京大学', '男', 18.00),
	('1536601308352614400', 'admin', '2022-06-14 14:47:55.244000', 0, NULL, NULL, '李四', '002', '清华大学', '女', 19.00),
	('1536601388044390400', 'admin', '2022-06-14 14:48:14.243000', 0, NULL, NULL, '王五', '003', '浙江大学', '男', 20.00),
	('1536601469879455744', 'admin', '2022-06-14 14:48:33.753000', 0, NULL, NULL, '赵六', '004', '宁波大学', '保密', 21.00);

DROP TABLE IF EXISTS `a_teacher`;
CREATE TABLE IF NOT EXISTS `a_teacher` (
  `id` varchar(255) CHARACTER SET utf8mb3 COLLATE utf8mb3_croatian_ci NOT NULL,
  `create_by` varchar(255) CHARACTER SET utf8mb3 COLLATE utf8mb3_croatian_ci DEFAULT NULL,
  `create_time` datetime(6) DEFAULT NULL,
  `del_flag` int NOT NULL,
  `update_by` varchar(255) CHARACTER SET utf8mb3 COLLATE utf8mb3_croatian_ci DEFAULT NULL,
  `update_time` datetime(6) DEFAULT NULL,
  `age` decimal(38,2) DEFAULT NULL,
  `autograph` varchar(255) CHARACTER SET utf8mb3 COLLATE utf8mb3_croatian_ci DEFAULT NULL,
  `education` varchar(255) CHARACTER SET utf8mb3 COLLATE utf8mb3_croatian_ci DEFAULT NULL,
  `graduated` varchar(255) CHARACTER SET utf8mb3 COLLATE utf8mb3_croatian_ci DEFAULT NULL,
  `name` varchar(255) CHARACTER SET utf8mb3 COLLATE utf8mb3_croatian_ci DEFAULT NULL,
  `remark` varchar(255) CHARACTER SET utf8mb3 COLLATE utf8mb3_croatian_ci DEFAULT NULL,
  `status` varchar(255) CHARACTER SET utf8mb3 COLLATE utf8mb3_croatian_ci DEFAULT NULL,
  `wages` decimal(38,2) DEFAULT NULL,
  `resume` varchar(255) CHARACTER SET utf8mb3 COLLATE utf8mb3_croatian_ci DEFAULT NULL,
  PRIMARY KEY (`id`)
) ENGINE=InnoDB DEFAULT CHARSET=utf8mb3 COLLATE=utf8mb3_croatian_ci;

DELETE FROM `a_teacher`;
INSERT INTO `a_teacher` (`id`, `create_by`, `create_time`, `del_flag`, `update_by`, `update_time`, `age`, `autograph`, `education`, `graduated`, `name`, `remark`, `status`, `wages`, `resume`) VALUES
	('1536614275123122176', 'admin', '2022-06-14 15:39:26.000000', 0, 'admin', '2023-05-31 10:05:23.579000', 30.00, 'https://jujia.lucheng.gov.cn/app/file/view/1663728513460604931', '博士', '同济大学', '张三', '测试', '在职', 9960.00, 'https://jujia.lucheng.gov.cn/app/file/view/1663728494519128066'),
	('1536614275123122177', 'admin', '2022-06-14 15:39:26.000000', 0, 'admin', '2022-06-14 15:41:09.841000', 30.00, 'https://jujia.lucheng.gov.cn/app/file/view/1663728513460604931', '本科', '同济大学', '李四', '测试', '在职', 7778.00, 'https://jujia.lucheng.gov.cn/app/file/view/1663728494519128066'),
	('1536614275123122178', 'admin', '2022-06-14 15:39:26.000000', 0, 'admin', '2022-06-14 15:41:09.841000', 30.00, 'https://jujia.lucheng.gov.cn/app/file/view/1663728513460604931', '硕士', '同济大学', '王五', '测试', '在职', 8889.00, 'https://jujia.lucheng.gov.cn/app/file/view/1663728494519128066'),
	('1536614275123122179', 'admin', '2022-06-14 15:39:26.000000', 0, 'admin', '2022-06-14 15:41:09.841000', 30.00, 'https://jujia.lucheng.gov.cn/app/file/view/1663728513460604931', '硕士', '同济大学', '赵六', '测试', '在职', 4445.00, 'https://jujia.lucheng.gov.cn/app/file/view/1663728494519128066'),
	('1536614275123122180', 'admin', '2022-06-14 15:39:26.000000', 0, 'admin', '2022-06-14 15:41:09.841000', 30.00, 'https://jujia.lucheng.gov.cn/app/file/view/1663728513460604931', '专科', '同济大学', '郑七', '测试', '在职', 1118.00, 'https://jujia.lucheng.gov.cn/app/file/view/1663728494519128066'),
	('1536614275123122181', 'admin', '2022-06-14 15:39:26.000000', 0, 'admin', '2022-06-14 15:41:09.841000', 30.00, 'https://jujia.lucheng.gov.cn/app/file/view/1663728513460604931', '专科', '同济大学', '龚八', '测试', '在职', 3337.00, 'https://jujia.lucheng.gov.cn/app/file/view/1663728494519128066');

DROP TABLE IF EXISTS `a_transaction_order`;
CREATE TABLE IF NOT EXISTS `a_transaction_order` (
  `id` varchar(255) COLLATE utf8mb3_croatian_ci NOT NULL,
  `create_by` varchar(255) COLLATE utf8mb3_croatian_ci DEFAULT NULL,
  `create_time` datetime(6) DEFAULT NULL,
  `del_flag` int NOT NULL,
  `update_by` varchar(255) COLLATE utf8mb3_croatian_ci DEFAULT NULL,
  `update_time` datetime(6) DEFAULT NULL,
  `content` varchar(255) COLLATE utf8mb3_croatian_ci DEFAULT NULL,
  `finish_id` varchar(255) COLLATE utf8mb3_croatian_ci DEFAULT NULL,
  `finish_name` varchar(255) COLLATE utf8mb3_croatian_ci DEFAULT NULL,
  `finish_time` varchar(255) COLLATE utf8mb3_croatian_ci DEFAULT NULL,
  `number` decimal(38,2) DEFAULT NULL,
  `order_id` varchar(255) COLLATE utf8mb3_croatian_ci DEFAULT NULL,
  `price` decimal(38,2) DEFAULT NULL,
  `release_id` varchar(255) COLLATE utf8mb3_croatian_ci DEFAULT NULL,
  `release_name` varchar(255) COLLATE utf8mb3_croatian_ci DEFAULT NULL,
  `res_id` varchar(255) COLLATE utf8mb3_croatian_ci DEFAULT NULL,
  `res_name` varchar(255) COLLATE utf8mb3_croatian_ci DEFAULT NULL,
  `type` int DEFAULT NULL,
  PRIMARY KEY (`id`)
) ENGINE=InnoDB DEFAULT CHARSET=utf8mb3 COLLATE=utf8mb3_croatian_ci;

DELETE FROM `a_transaction_order`;
INSERT INTO `a_transaction_order` (`id`, `create_by`, `create_time`, `del_flag`, `update_by`, `update_time`, `content`, `finish_id`, `finish_name`, `finish_time`, `number`, `order_id`, `price`, `release_id`, `release_name`, `res_id`, `res_name`, `type`) VALUES
	('1565628343066431489', 'admin', '2023-01-09 08:42:20.213000', 0, NULL, '2023-01-09 08:42:20.213000', '我要出售二手的apple智能手机，10个一共5000元！', '682265633886208', '管理员', '2022-09-02 17:10:59', 10.00, '1565627354573836288', 5000.00, '682265633886208', '管理员', '1565603064482762752', '二手设备/二手智能手机/apple', 1),
	('1565630646829846528', 'admin', '2023-01-09 08:42:20.213000', 0, NULL, '2023-01-09 08:42:20.213000', '我要购买一个二手耳机，有人卖吗？', '682265633886208', '管理员', '2022-09-02 17:20:08', 1.00, '1565630599966887936', 50.00, '682265633886208', '管理员', '1565603307282632704', '二手设备/二手耳机/安卓头', 0),
	('1600784056495247361', 'admin', '2023-01-09 08:42:20.213000', 0, NULL, '2023-01-09 08:42:20.213000', '一周内需要出售废弃玻璃，需要购买的请联系我', '682265633886208', '管理员', '2022-12-08 09:27:14', 500.00, '1565628634658639872', 600.00, '682265633886208', '管理员', '1565603491228028928', '废玻璃/废弃挡风玻璃/汽车', 1),
	('1602938657206046721', 'admin', '2023-01-09 08:42:20.213000', 0, NULL, '2023-01-09 08:42:20.213000', 'ssss', '682265633886208', '管理员', '2022-12-14 08:08:51', 1.00, '1602934888225443840', 100.00, '682265633886208', '管理员', '1565603307282632704', '二手设备/二手耳机/安卓头', 1),
	('1603227890844045312', 'admin', '2023-01-09 08:42:20.213000', 0, NULL, '2023-01-09 08:42:20.213000', 'ssss', '682265633886208', '管理员', '2022-12-15 11:18:10', 1.00, '1602934888225443840', 100.00, '682265633886208', '管理员', '1565603307282632704', '二手设备/二手耳机/安卓头', 1),
	('1603300491629039617', 'admin', '2023-01-09 08:42:20.213000', 0, NULL, '2023-01-09 08:42:20.213000', '无解', '682265633886208', '管理员', '2022-12-15 08:06:39', 2.00, '1603300411538804736', 10.00, '682265633886208', '管理员', '1565603307282632704', '二手设备/二手耳机/安卓头', 1),
	('1603302668078551041', 'admin', '2023-01-09 08:42:20.213000', 0, NULL, '2023-01-09 08:42:20.213000', 'ddd', '682265633886208', '管理员', '2022-12-15 08:15:18', 2.00, '1603301901791793152', 300.00, '682265633886208', '管理员', '1565603196985020416', '二手设备/二手平板/ipad', 1),
	('1603310514610507776', 'admin', '2023-01-09 08:42:20.213000', 0, NULL, '2023-01-09 08:42:20.213000', '无解', '682265633886208', '管理员', '2022-12-15 08:46:29', 2.00, '1603300411538804736', 10.00, '682265633886208', '管理员', '1565603307282632704', '二手设备/二手耳机/安卓头', 1),
	('1605382905926914048', 'admin', '2023-01-09 08:42:20.213000', 0, NULL, '2023-01-09 08:42:20.213000', '无解', '682265633886208', '管理员', '2022-12-21 02:01:26', 2.00, '1603300411538804736', 10.00, '682265633886208', '管理员', '1565603307282632704', '二手设备/二手耳机/安卓头', 1),
	('1610535803572850688', 'admin', '2023-01-09 08:42:20.213000', 0, NULL, '2023-01-09 08:42:20.213000', 'ddd', '682265633886208', '管理员', '2023-01-04 07:17:12', 10.00, '1610534804250562560', 100.00, '682265633886208', '管理员', '1565602769266675712', '废报纸/旧报纸带水/带水', 1),
	('1610543188618121216', 'admin', '2023-01-09 08:42:20.213000', 0, NULL, '2023-01-09 08:42:20.213000', '无解', '682265633886208', '管理员', '2023-01-04 07:46:33', 2.00, '1603300411538804736', 10.00, '682265633886208', '管理员', '1565603307282632704', '二手设备/二手耳机/安卓头', 1),
	('1666986134783266817', '13600000001', '2023-06-09 09:50:40.383000', 0, NULL, NULL, '测试', '1464764315201572865', '用户A', '2023-06-09 09:50:40', 50.00, '1666985946953945088', 1.00, '1464764315201572864', '管理员', '1565602769266675712', '废报纸/旧报纸带水/带水', 1),
	('1666986154299363329', '13600000001', '2023-06-09 09:50:44.952000', 0, NULL, NULL, '测试', '1464764315201572865', '用户A', '2023-06-09 09:50:44', 50.00, '1666985989513547776', 1.00, '1464764315201572864', '管理员', '1565602769266675712', '废报纸/旧报纸带水/带水', 1);

DROP TABLE IF EXISTS `a_user`;
CREATE TABLE IF NOT EXISTS `a_user` (
  `id` varchar(255) NOT NULL,
  `create_by` varchar(255) DEFAULT NULL,
  `create_time` datetime(6) DEFAULT NULL,
  `update_by` varchar(255) DEFAULT NULL,
  `update_time` datetime(6) DEFAULT NULL,
  `address` varchar(255) DEFAULT NULL,
  `avatar` varchar(255) DEFAULT NULL,
  `description` varchar(255) CHARACTER SET utf8mb4 COLLATE utf8mb4_0900_ai_ci DEFAULT NULL,
  `email` varchar(255) DEFAULT NULL,
  `mobile` varchar(255) DEFAULT NULL,
  `nickname` varchar(20) NOT NULL,
  `password` varchar(255) DEFAULT NULL,
  `sex` varchar(255) DEFAULT NULL,
  `status` int DEFAULT NULL,
  `type` int DEFAULT NULL,
  `username` varchar(255) DEFAULT NULL,
  `del_flag` int NOT NULL,
  `department_id` varchar(255) DEFAULT NULL,
  `street` varchar(255) DEFAULT NULL,
  `pass_strength` varchar(2) DEFAULT NULL,
  `department_title` varchar(255) DEFAULT NULL,
  `birth` datetime(6) DEFAULT NULL,
  `my_door` varchar(255) DEFAULT NULL,
  PRIMARY KEY (`id`),
  UNIQUE KEY `username` (`username`) USING BTREE,
  UNIQUE KEY `email` (`email`) USING BTREE,
  UNIQUE KEY `mobile` (`mobile`) USING BTREE,
  KEY `create_time` (`create_time`) USING BTREE
) ENGINE=InnoDB DEFAULT CHARSET=utf8mb3;

DELETE FROM `a_user`;
INSERT INTO `a_user` (`id`, `create_by`, `create_time`, `update_by`, `update_time`, `address`, `avatar`, `description`, `email`, `mobile`, `nickname`, `password`, `sex`, `status`, `type`, `username`, `del_flag`, `department_id`, `street`, `pass_strength`, `department_title`, `birth`, `my_door`) VALUES
	('1464764315201572864', '', '2022-03-20 09:46:20.000000', 'admin', '2023-05-31 10:01:43.495000', '["330000","330600","330602"]', 'https://asoa-1305425069.cos.ap-shanghai.myqcloud.com/1669635627773202432.png', '浙江大学', '916077357@qq.com', '17857054388', '管理员', '$2a$10$PS04ecXfknNd3V8d.ymLTObQciapMU4xU8.GADBZZsuTZr7ymnagy', '男', 0, 1, 'admin', 0, '1464487288363945985', '', '弱', '部门A', '2023-05-16 14:36:38.000000', 'user-adminZWZ666department-adminZWZ666file-adminZWZ666role-manageZWZ666menu-manageZWZ666log-manage'),
	('1464764315201572865', '', '2022-03-20 09:46:20.000000', 'admin', '2022-05-21 09:11:48.000000', '["110000","110100","110105"]', 'https://asoa-1305425069.cos.ap-shanghai.myqcloud.com/1669635627773202432.png', '浙江大学', '13600000001@qq.com', '13600000001', '用户A', '$2a$10$E59nactOiILAzQvfcs0JFOYuZp06d4bLhugEadyQuygpmiLc0W.ha', '女', 0, 0, '13600000001', 0, '1464487288363945985', '', '弱', '部门A', '2023-05-16 14:35:43.000000', ''),
	('1464772465946398721', '', '2022-03-20 09:46:20.000000', 'admin', '2022-05-21 09:53:33.000000', '["110000","110100","110105"]', 'https://asoa-1305425069.cos.ap-shanghai.myqcloud.com/1669635627773202432.png', '浙江大学', '13600000002@qq.com', '13600000002', '用户B', '$2a$10$vJyLo1RhFORH/SAu3sc9aeb37I5JRy5UugaN7fIt/e2vvsz6JWJCm', '女', 0, 0, '13600000002', 0, '1464487288363945985', '', '弱', '部门A', '2023-05-16 14:35:44.000000', ''),
	('1527830053524738048', 'admin', '2022-05-21 09:54:05.000000', NULL, NULL, '["110000","110100","110106"]', 'https://asoa-1305425069.cos.ap-shanghai.myqcloud.com/1669635627773202432.png', '浙江大学', '13600000003@qq.com', '13600000003', '用户C', '$2a$10$oeP4aplYnswfQ44pK6lAO.Np9BuPYJGRwo17THO7CUNlIQoVGsPmy', '男', 0, 0, '13600000003', 0, '1464487288363945985', '', '弱', '部门A', '2023-05-16 14:35:44.000000', '');

DROP TABLE IF EXISTS `a_user_role`;
CREATE TABLE IF NOT EXISTS `a_user_role` (
  `id` varchar(255) NOT NULL,
  `create_by` varchar(255) DEFAULT NULL,
  `create_time` datetime(6) DEFAULT NULL,
  `del_flag` int NOT NULL,
  `update_by` varchar(255) DEFAULT NULL,
  `update_time` datetime(6) DEFAULT NULL,
  `role_id` varchar(255) DEFAULT NULL,
  `user_id` varchar(255) DEFAULT NULL,
  PRIMARY KEY (`id`)
) ENGINE=InnoDB DEFAULT CHARSET=utf8mb3;

DELETE FROM `a_user_role`;
INSERT INTO `a_user_role` (`id`, `create_by`, `create_time`, `del_flag`, `update_by`, `update_time`, `role_id`, `user_id`) VALUES
	('1464487931975700480', 'admin', '2022-03-20 09:46:20.000000', 0, 'admin', '2022-03-20 09:46:20.000000', '1536606659751841799', '1464764315201572864'),
	('1486220872917323776', 'admin', '2022-03-20 09:46:20.000000', 0, 'admin', '2022-03-20 09:46:20.000000', '1536606659751841795', '1464764315201572865'),
	('1526802492967489537', NULL, '2022-05-18 13:50:56.000000', 0, NULL, NULL, '1536606659751841795', '1526802492443201536'),
	('1526819095553642497', NULL, '2022-05-18 14:56:54.000000', 0, NULL, NULL, '1536606659751841795', '1526819095159377920'),
	('1527829917801254912', 'admin', '2022-05-21 09:53:33.000000', 0, NULL, NULL, '1536606659751841795', '1464772465946398721'),
	('1527830053889642496', 'admin', '2022-05-21 09:54:05.000000', 0, NULL, NULL, '1536606659751841795', '1527830053524738048');

/*!40103 SET TIME_ZONE=IFNULL(@OLD_TIME_ZONE, 'system') */;
/*!40101 SET SQL_MODE=IFNULL(@OLD_SQL_MODE, '') */;
/*!40014 SET FOREIGN_KEY_CHECKS=IFNULL(@OLD_FOREIGN_KEY_CHECKS, 1) */;
/*!40101 SET CHARACTER_SET_CLIENT=@OLD_CHARACTER_SET_CLIENT */;
/*!40111 SET SQL_NOTES=IFNULL(@OLD_SQL_NOTES, 1) */;
